Count,Tradelist Count,Name,Edition,Edition Code,Card Number,Condition,Language,Foil,Signed,Artist Proof,Altered Art,Misprint,Promo,Textless,Printing Id,Printing Note,Tags,My Price,Type,Cost,Rarity,Price,Image URL,Scryfall ID
1,0,Glaring Aegis,Core Set 2020,M20,18,Near Mint,English,,,,,,,,45141,,"",$0.00,Enchantment - Aura,{W},Common,$0.03,https://s.deckbox.org/system/images/mtg/cards/466772.jpg,daa83dc2-4ec0-4e4f-8bfd-4f6d6df06a2d
1,0,Loyal Pegasus,Core Set 2020,M20,28,Near Mint,English,,,,,,,,45289,,"",$0.00,Creature - Pegasus,{W},Uncommon,$0.05,https://s.deckbox.org/system/images/mtg/cards/466782.jpg,7cae7971-953b-454a-84dd-ae2974946da9
1,0,Undead Servant,Core Set 2020,M20,118,Near Mint,English,foil,,,,,,,45173,,"",$0.00,Creature - Zombie,{3}{B},Common,$0.08,https://s.deckbox.org/system/images/mtg/cards/466872.jpg,bfbc0f7c-546f-4525-bb58-c99ab9b017d5
1,0,Dragon Mage,Core Set 2020,M20,135,Near Mint,English,,,,,,,,45070,,"",$0.00,Creature - Dragon Wizard,{5}{R}{R},Uncommon,$0.27,https://s.deckbox.org/system/images/mtg/cards/466889.jpg,5195abc4-cfa7-45dd-aa96-2e56f818a17b
1,0,Heart-Piercer Bow,Core Set 2020,M20,228,Near Mint,English,,,,,,,,45248,,"",$0.00,Artifact - Equipment,{2},Common,$0.03,https://s.deckbox.org/system/images/mtg/cards/466982.jpg,e262f723-0e0b-44a4-bfc6-f48f17a805d9
1,0,Ugin's Conjurant,War of the Spark,WAR,3,Near Mint,English,,,,,,,,44324,,"",$0.00,Creature - Spirit Monk,{X},Uncommon,$0.09,https://s.deckbox.org/system/images/mtg/cards/460930.jpg,9957ecca-5ea0-446f-bfd3-46c2aaa42f08
2,0,Single Combat,War of the Spark,WAR,30,Near Mint,English,,,,,,,,44225,,"",$0.00,Sorcery,{3}{W}{W},Rare,$0.37,https://s.deckbox.org/system/images/mtg/cards/460957.jpg,ce0e7c6a-e628-4327-a16f-2062c5a662df
1,0,Sunblade Angel,War of the Spark,WAR,31,Near Mint,English,,,,,,,,44151,,"",$0.00,Creature - Angel,{5}{W},Uncommon,$0.11,https://s.deckbox.org/system/images/mtg/cards/460958.jpg,9211c0e1-b314-495f-9c43-9a0e95c9efb9
1,0,"Teyo, the Shieldmage",War of the Spark,WAR,32,Near Mint,English,,,,,,,,44241,,"",$0.00,Legendary Planeswalker - Teyo,{2}{W},Uncommon,$0.21,https://s.deckbox.org/system/images/mtg/cards/460959.jpg,a974571c-d8d5-4860-9077-2023e5f32a24
1,0,Wanderer's Strike,War of the Spark,WAR,38,Near Mint,English,,,,,,,,44233,,"",$0.00,Sorcery,{4}{W},Common,$0.03,https://s.deckbox.org/system/images/mtg/cards/460965.jpg,85e1d63e-9692-4988-bda2-7c2c9b42217b
1,0,Augur of Bolas,War of the Spark,WAR,41,Near Mint,English,,,,,,,,44224,,"",$0.00,Creature - Merfolk Wizard,{1}{U},Uncommon,$0.20,https://s.deckbox.org/system/images/mtg/cards/460968.jpg,d19fbfe6-69bb-452a-be3c-b9c625e23193
2,0,Bond of Insight,War of the Spark,WAR,43,Near Mint,English,,,,,,,,44267,,"",$0.00,Sorcery,{3}{U},Uncommon,$0.12,https://s.deckbox.org/system/images/mtg/cards/460970.jpg,648629af-e911-49e1-b564-c98f339b84a1
1,0,Callous Dismissal,War of the Spark,WAR,44,Near Mint,English,,,,,,,,44353,,"",$0.00,Sorcery,{1}{U},Common,$0.05,https://s.deckbox.org/system/images/mtg/cards/460971.jpg,66cef326-339c-49e5-9905-21a1603a46ae
1,0,Flux Channeler,War of the Spark,WAR,52,Near Mint,English,,,,,,,,44338,,"",$0.00,Creature - Human Wizard,{2}{U},Uncommon,$0.99,https://s.deckbox.org/system/images/mtg/cards/460979.jpg,c6202e82-e159-482f-9224-292cb533171c
1,0,Jace's Triumph,War of the Spark,WAR,55,Near Mint,English,,,,,,,,44102,,"",$0.00,Sorcery,{2}{U},Uncommon,$0.05,https://s.deckbox.org/system/images/mtg/cards/460982.jpg,4924f177-5ee2-4d3f-9603-4b9aef4dac09
1,0,"Kasmina, Enigmatic Mentor",War of the Spark,WAR,56,Near Mint,English,,,,,,,,44227,,"",$0.00,Legendary Planeswalker - Kasmina,{3}{U},Uncommon,$0.10,https://s.deckbox.org/system/images/mtg/cards/460983.jpg,c77d9454-a78c-4063-ad66-46b2f5a030aa
1,0,Narset's Reversal,War of the Spark,WAR,62,Near Mint,English,,,,,,,,44153,,"",$0.00,Instant,{U}{U},Rare,$7.27,https://s.deckbox.org/system/images/mtg/cards/460989.jpg,63754036-d51e-47bb-925b-564d9dc922ff
1,0,Spark Double,War of the Spark,WAR,68,Near Mint,English,,,,,,,,44214,,"",$0.00,Creature - Illusion,{3}{U},Rare,$4.40,https://s.deckbox.org/system/images/mtg/cards/460995.jpg,bb8a103c-b776-4501-9441-a45b90391045
1,0,Bleeding Edge,War of the Spark,WAR,78,Near Mint,English,,,,,,,,44115,,"",$0.00,Sorcery,{1}{B}{B},Uncommon,$0.05,https://s.deckbox.org/system/images/mtg/cards/461005.jpg,ac82422c-8ac8-4fbb-b9b9-d0aa23dded61
1,0,Bond of Revival,War of the Spark,WAR,80,Near Mint,English,,,,,,,,44307,,"",$0.00,Sorcery,{4}{B},Uncommon,$0.11,https://s.deckbox.org/system/images/mtg/cards/461007.jpg,c6482fb9-f874-4e33-aa74-7a0da4c9760c
2,0,"Davriel, Rogue Shadowmage",War of the Spark,WAR,83,Near Mint,English,,,,,,,,44132,,"",$0.00,Legendary Planeswalker - Davriel,{2}{B},Uncommon,$0.20,https://s.deckbox.org/system/images/mtg/cards/461010.jpg,5b1a44f0-1db8-406a-b7d9-f883f947f7bd
1,0,Liliana's Triumph,War of the Spark,WAR,98,Near Mint,English,,,,,,,,44339,,"",$0.00,Instant,{1}{B},Uncommon,$0.20,https://s.deckbox.org/system/images/mtg/cards/461025.jpg,84803db8-fdb0-462b-92f6-33d591593d2d
1,0,"Ob Nixilis, the Hate-Twisted",War of the Spark,WAR,100,Near Mint,English,,,,,,,,44158,,"",$0.00,Legendary Planeswalker - Nixilis,{3}{B}{B},Uncommon,$0.49,https://s.deckbox.org/system/images/mtg/cards/461027.jpg,14916e2d-73af-4747-a927-d2d4cb3e32db
1,0,Bolt Bend,War of the Spark,WAR,115,Near Mint,English,,,,,,,,44348,,"",$0.00,Instant,{3}{R},Uncommon,$3.01,https://s.deckbox.org/system/images/mtg/cards/461042.jpg,39b35408-3728-4e1b-9f58-b0775df914d6
1,0,Chainwhip Cyclops,War of the Spark,WAR,118,Near Mint,English,,,,,,,,44269,,"",$0.00,Creature - Cyclops Warrior,{4}{R},Common,$0.01,https://s.deckbox.org/system/images/mtg/cards/461045.jpg,d2f18df2-5910-4c5d-8b04-6fe5d04e8150
1,0,"Chandra, Fire Artisan",War of the Spark,WAR,119,Near Mint,English,,,,,,,,44095,,"",$0.00,Legendary Planeswalker - Chandra,{2}{R}{R},Rare,$0.23,https://s.deckbox.org/system/images/mtg/cards/461046.jpg,d21a7b23-8827-49f2-ade4-75a602d17743
1,0,Devouring Hellion,War of the Spark,WAR,124,Near Mint,English,,,,,,,,44182,,"",$0.00,Creature - Hellion,{2}{R},Uncommon,$0.05,https://s.deckbox.org/system/images/mtg/cards/461051.jpg,88205574-bf2b-46e7-aac7-4b8ea217f94c
1,0,Awakening of Vitu-Ghazi,War of the Spark,WAR,152,Near Mint,English,,,,,,,,44201,,"",$0.00,Instant,{3}{G}{G},Rare,$0.18,https://s.deckbox.org/system/images/mtg/cards/461079.jpg,b42b2fb4-8016-462c-8764-2639adec931f
1,0,"Jiang Yanggu, Wildcrafter",War of the Spark,WAR,164,Near Mint,English,,,,,,,,44313,,"",$0.00,Legendary Planeswalker - Yanggu,{2}{G},Uncommon,$0.22,https://s.deckbox.org/system/images/mtg/cards/461091.jpg,10e0d47d-b13c-4d48-881f-8aaa347ef209
1,0,Angrath's Rampage,War of the Spark,WAR,185,Near Mint,English,,,,,,,,44136,,"",$0.00,Sorcery,{B}{R},Uncommon,$0.15,https://s.deckbox.org/system/images/mtg/cards/461112.jpg,f5a39379-7313-463a-9a02-e5157b9557f4
2,0,Cruel Celebrant,War of the Spark,WAR,188,Near Mint,English,,,,,,,,44160,,"",$0.00,Creature - Vampire,{W}{B},Uncommon,$0.73,https://s.deckbox.org/system/images/mtg/cards/461115.jpg,87ead6ac-b1c5-4852-8413-7fa43c6cfc57
1,0,Domri's Ambush,War of the Spark,WAR,192,Near Mint,English,,,,,,,,44212,,"",$0.00,Sorcery,{R}{G},Uncommon,$0.12,https://s.deckbox.org/system/images/mtg/cards/461119.jpg,b0dcae59-e9be-45a8-8ed8-5b47309bb716
1,0,Dreadhorde Butcher,War of the Spark,WAR,194,Near Mint,English,,,,,,,,44191,,"",$0.00,Creature - Zombie Warrior,{B}{R},Rare,$0.22,https://s.deckbox.org/system/images/mtg/cards/461121.jpg,457bc402-4c31-465c-95e1-694f686e257e
2,0,Heartwarming Redemption,War of the Spark,WAR,199,Near Mint,English,,,,,,,,44239,,"",$0.00,Instant,{2}{R}{W},Uncommon,$0.09,https://s.deckbox.org/system/images/mtg/cards/461126.jpg,af569235-f5cb-4e3e-ba77-c1c429ed0a60
1,0,Leyline Prowler,War of the Spark,WAR,202,Near Mint,English,,,,,,,,44108,,"",$0.00,Creature - Nightmare Beast,{1}{B}{G},Uncommon,$0.18,https://s.deckbox.org/system/images/mtg/cards/461129.jpg,c56b4e8f-d48e-4bb0-883d-29f978033f65
1,0,Merfolk Skydiver,War of the Spark,WAR,205,Near Mint,English,,,,,,,,44280,,"",$0.00,Creature - Merfolk Mutant,{G}{U},Uncommon,$0.10,https://s.deckbox.org/system/images/mtg/cards/461132.jpg,2bf211eb-837b-4c02-b02e-8d9e62f1abb1
1,0,Oath of Kaya,War of the Spark,WAR,209,Near Mint,English,,,,,,,,44258,,"",$0.00,Legendary Enchantment,{1}{W}{B},Rare,$0.26,https://s.deckbox.org/system/images/mtg/cards/461136.jpg,faba010d-5b1b-4562-91d6-ec55303c4dcd
1,0,Ral's Outburst,War of the Spark,WAR,212,Near Mint,English,,,,,,,,44264,,"",$0.00,Instant,{2}{U}{R},Uncommon,$0.06,https://s.deckbox.org/system/images/mtg/cards/461139.jpg,6be3dd3e-50d2-4729-9caa-b2cd984f4c97
1,0,Solar Blaze,War of the Spark,WAR,216,Near Mint,English,,,,,,,,44259,,"",$0.00,Sorcery,{2}{R}{W},Rare,$0.18,https://s.deckbox.org/system/images/mtg/cards/461143.jpg,eb72ba0f-ab3a-41e6-906d-a84039efa0af
1,0,Soul Diviner,War of the Spark,WAR,218,Near Mint,English,,,,,,,,44279,,"",$0.00,Creature - Zombie Wizard,{U}{B},Rare,$0.33,https://s.deckbox.org/system/images/mtg/cards/461145.jpg,7fb66ccd-a930-4757-832c-c4b0259741e2
1,0,"Tamiyo, Collector of Tales",War of the Spark,WAR,220,Near Mint,English,,,,,,,,44223,,"",$0.00,Legendary Planeswalker - Tamiyo,{2}{G}{U},Rare,$0.25,https://s.deckbox.org/system/images/mtg/cards/461147.jpg,76776b24-a2e1-4590-88e7-8a421baf2fc4
1,0,"Ashiok, Dream Render",War of the Spark,WAR,228,Near Mint,English,,,,,,,,44122,,"",$0.00,Legendary Planeswalker - Ashiok,{1}{UB}{UB},Uncommon,$1.58,https://s.deckbox.org/system/images/mtg/cards/461155.jpg,f2df3258-c053-48a8-974f-d80899b2cd93
1,0,"Dovin, Hand of Control",War of the Spark,WAR,229,Near Mint,English,,,,,,,,44188,,"",$0.00,Legendary Planeswalker - Dovin,{2}{WU},Uncommon,$0.16,https://s.deckbox.org/system/images/mtg/cards/461156.jpg,bd6ff745-919b-4688-9e9e-ab7835b3b891
1,0,"Kiora, Behemoth Beckoner",War of the Spark,WAR,232,Near Mint,English,,,,,,,,44208,,"",$0.00,Legendary Planeswalker - Kiora,{2}{GU},Uncommon,$1.12,https://s.deckbox.org/system/images/mtg/cards/461159.jpg,7a61b1a6-a75f-47b0-b215-de9708b6d773
1,0,"Nahiri, Storm of Stone",War of the Spark,WAR,233,Near Mint,English,,,,,,,,44328,,"",$0.00,Legendary Planeswalker - Nahiri,{2}{RW}{RW},Uncommon,$0.11,https://s.deckbox.org/system/images/mtg/cards/461160.jpg,8806605c-0cb7-4360-96e4-afb424ccad90
1,0,"Saheeli, Sublime Artificer",War of the Spark,WAR,234,Near Mint,English,,,,,,,,44358,,"",$0.00,Legendary Planeswalker - Saheeli,{1}{UR}{UR},Uncommon,$0.24,https://s.deckbox.org/system/images/mtg/cards/461161.jpg,5a10b543-d5d4-42a8-9ee8-dada59a2ad7e
2,0,"Samut, Tyrant Smasher",War of the Spark,WAR,235,Near Mint,English,,,,,,,,44185,,"",$0.00,Legendary Planeswalker - Samut,{2}{RG}{RG},Uncommon,$0.13,https://s.deckbox.org/system/images/mtg/cards/461162.jpg,e0457e3f-56c1-401b-8e08-f04b95c55e2d
1,0,"Vraska, Swarm's Eminence",War of the Spark,WAR,236,Near Mint,English,,,,,,,,44149,,"",$0.00,Legendary Planeswalker - Vraska,{2}{BG}{BG},Uncommon,$0.16,https://s.deckbox.org/system/images/mtg/cards/461163.jpg,59ee2974-07e9-4506-903c-457cb7327dd8
1,0,Firemind Vessel,War of the Spark,WAR,237,Near Mint,English,,,,,,,,44234,,"",$0.00,Artifact,{4},Uncommon,$0.18,https://s.deckbox.org/system/images/mtg/cards/461164.jpg,ec0ebb6b-d35a-47db-8071-7fef2a46c17b
1,0,Mobilized District,War of the Spark,WAR,249,Near Mint,English,,,,,,,,44107,,"",$0.00,Land,,Rare,$0.19,https://s.deckbox.org/system/images/mtg/cards/461176.jpg,214792e9-a172-4547-b148-b9b368cb3432
1,0,Tithe Taker,Ravnica Allegiance,RNA,27,Near Mint,English,,,,,,,,43623,,"",$0.00,Creature - Human Soldier,{1}{W},Rare,$0.25,https://s.deckbox.org/system/images/mtg/cards/457171.jpg,bd26b7b1-992d-4b8c-bc33-51aab5abdf98
1,0,Eyes Everywhere,Ravnica Allegiance,RNA,38,Near Mint,English,,,,,,,,43718,,"",$0.00,Enchantment,{2}{U},Uncommon,$0.08,https://s.deckbox.org/system/images/mtg/cards/457182.jpg,1fdbf073-3ee6-402b-bd40-4781f40a6cae
1,0,Gateway Sneak,Ravnica Allegiance,RNA,40,Near Mint,English,,,,,,,,43698,,"",$0.00,Creature - Vedalken Rogue,{2}{U},Uncommon,$0.13,https://s.deckbox.org/system/images/mtg/cards/457184.jpg,edc0229d-05e6-41b7-b7a9-2a8b2b258add
1,0,Thought Collapse,Ravnica Allegiance,RNA,57,Near Mint,English,,,,,,,,43656,,"",$0.00,Instant,{1}{U}{U},Common,$0.16,https://s.deckbox.org/system/images/mtg/cards/457201.jpg,948b569b-6341-418b-99b5-f79dfb3fe8dd
1,0,Priest of Forgotten Gods,Ravnica Allegiance,RNA,83,Near Mint,English,,,,,,,,43686,,"",$0.00,Creature - Human Cleric,{1}{B},Rare,$2.36,https://s.deckbox.org/system/images/mtg/cards/457227.jpg,e3378fe8-3355-48aa-90d4-9cb739200160
1,0,Electrodominance,Ravnica Allegiance,RNA,99,Near Mint,English,,,,,,,,43663,,"",$0.00,Instant,{X}{R}{R},Rare,$0.52,https://s.deckbox.org/system/images/mtg/cards/457243.jpg,5c63877b-cdab-4ce4-a1c0-c088eb62a57a
1,0,Rix Maadi Reveler,Ravnica Allegiance,RNA,109,Near Mint,English,,,,,,,,43492,,"",$0.00,Creature - Human Shaman,{1}{R},Rare,$0.14,https://s.deckbox.org/system/images/mtg/cards/457253.jpg,c40396da-18e2-42ca-a78c-4838a38f68b8
1,0,Silhana Wayfinder,Ravnica Allegiance,RNA,141,Near Mint,English,,,,,,,,43723,,"",$0.00,Creature - Elf Scout,{1}{G},Uncommon,$0.03,https://s.deckbox.org/system/images/mtg/cards/457285.jpg,ea6cd6a5-da6c-483c-a9f7-49e666ac0b6c
1,0,Cindervines,Ravnica Allegiance,RNA,161,Near Mint,English,,,,,,,,43494,,"",$0.00,Enchantment,{R}{G},Rare,$0.19,https://s.deckbox.org/system/images/mtg/cards/457305.jpg,9f970f79-3051-4ba1-badb-697ef321cbb3
1,0,"Judith, the Scourge Diva",Ravnica Allegiance,RNA,185,Near Mint,English,,,,,,,,43716,,"",$0.00,Legendary Creature - Human Shaman,{1}{B}{R},Rare,$0.19,https://s.deckbox.org/system/images/mtg/cards/457329.jpg,0a742125-730d-4082-bfd8-5feb7733def4
1,0,Seraph of the Scales,Ravnica Allegiance,RNA,205,Near Mint,English,,,,,,,,43654,,"",$0.00,Creature - Angel,{2}{W}{B},MythicRare,$0.48,https://s.deckbox.org/system/images/mtg/cards/457349.jpg,d602e9e6-31ed-4d17-b39c-457b3b182943
1,0,Revival // Revenge,Ravnica Allegiance,RNA,228,Near Mint,English,,,,,,,,43587,,"",$0.00,Sorcery // Sorcery,{WB}{WB} // {4}{W}{B},Rare,$0.28,https://s.deckbox.org/system/images/mtg/cards/457372.jpg,50ae0831-f3ba-4535-bfb6-feefbbc15275
1,0,Gate Colossus,Ravnica Allegiance,RNA,232,Near Mint,English,,,,,,,,43561,,"",$0.00,Artifact Creature - Construct,{8},Uncommon,$0.09,https://s.deckbox.org/system/images/mtg/cards/457376.jpg,99767e2f-a558-4d63-b9b6-923d15b433e1
1,0,Godless Shrine,Ravnica Allegiance,RNA,248,Near Mint,English,,,,,,,,43509,,"",$0.00,Land - Plains Swamp,"",Rare,$10.87,https://s.deckbox.org/system/images/mtg/cards/457392.jpg,ced4c824-2dfc-42ae-84e6-09f8e3f51b5b
1,0,Hallowed Fountain,Ravnica Allegiance,RNA,251,Near Mint,English,,,,,,,,43559,,"",$0.00,Land - Plains Island,"",Rare,$9.21,https://s.deckbox.org/system/images/mtg/cards/457395.jpg,f97a6d34-03ab-49f1-b02e-405b733f8843
1,0,Reassembling Skeleton,Core Set 2019,M19,116,Near Mint,English,,,,,,,,39742,,"",$0.00,Creature - Skeleton Warrior,{1}{B},Uncommon,$0.18,https://s.deckbox.org/system/images/mtg/cards/447252.jpg,a3d4ac21-2203-45f4-b5f2-dc186ccdbe69
1,0,Doublecast,Core Set 2019,M19,137,Near Mint,English,,,,,,,,39494,,"",$0.00,Sorcery,{R}{R},Uncommon,$0.17,https://s.deckbox.org/system/images/mtg/cards/447273.jpg,be8875d8-fe8c-4721-aa8d-978bf72e9c26
1,0,Meandering River,Core Set 2019,M19,253,Near Mint,English,,,,,,,,39481,,"",$0.00,Land,"",Common,$0.09,https://s.deckbox.org/system/images/mtg/cards/447390.jpg,f47ee724-da0f-4eb1-b07b-b07e04e9f5b3
1,0,Timber Gorge,Core Set 2019,M19,258,Near Mint,English,,,,,,,,39477,,"",$0.00,Land,"",Common,$0.07,https://s.deckbox.org/system/images/mtg/cards/447395.jpg,07076412-18fe-4e15-bdb5-17111b4a66db
1,0,Tranquil Expanse,Core Set 2019,M19,259,Near Mint,English,,,,,,,,39525,,"",$0.00,Land,"",Common,$0.06,https://s.deckbox.org/system/images/mtg/cards/447396.jpg,78b33867-5ccf-49a1-8e9b-9d2ddac78f17
1,0,Raptor Companion,Rivals of Ixalan,RIX,19,Near Mint,English,,,,,,,,37817,,"",$0.00,Creature - Dinosaur,{1}{W},Common,$0.02,https://s.deckbox.org/system/images/mtg/cards/439676.jpg,e16f2ffb-2780-47d2-bcdf-9cef82716b20
1,0,Goring Ceratops,Ixalan,XLN,13,Near Mint,English,,,,,,,,36748,,"",$0.00,Creature - Dinosaur,{5}{W}{W},Rare,$1.06,https://s.deckbox.org/system/images/mtg/cards/435164.jpg,8309f684-5912-4191-9f64-d573f1cc84c9
1,0,River's Rebuke,Ixalan,XLN,71,Near Mint,English,,,,,,,,36770,,"",$0.00,Sorcery,{4}{U}{U},Rare,$0.60,https://s.deckbox.org/system/images/mtg/cards/435223.jpg,fda8ef30-bbfa-4857-9750-0dd0def8b13f
1,0,Arguel's Blood Fast // Temple of Aclazotz,Ixalan,XLN,90,Near Mint,English,,,,,,,,36795,,"",$0.00,Legendary Enchantment // Legendary Land,{1}{B},Rare,$0.26,https://s.deckbox.org/system/images/mtg/cards/435243.jpg,c4ac7570-e74e-4081-ac53-cf41e695b7eb
1,0,Burning Sun's Avatar,Ixalan,XLN,135,Near Mint,English,,,,,,,,36848,,"",$0.00,Creature - Dinosaur Avatar,{3}{R}{R}{R},Rare,$0.33,https://s.deckbox.org/system/images/mtg/cards/435289.jpg,146c0cab-5f6b-425d-9f50-33d8da266235
1,0,Rampaging Ferocidon,Ixalan,XLN,154,Near Mint,English,foil,,,,,,,36828,,"",$0.00,Creature - Dinosaur,{2}{R},Rare,$9.52,https://s.deckbox.org/system/images/mtg/cards/435308.jpg,39d3c658-1927-4af3-9077-88c4a669c730
1,0,Repeating Barrage,Ixalan,XLN,156,Near Mint,English,,,,,,,,36872,,"",$0.00,Sorcery,{1}{R}{R},Rare,$0.08,https://s.deckbox.org/system/images/mtg/cards/435310.jpg,ba90a2d6-8292-4ff1-91d0-b30ae9775f12
1,0,Huatli's Spurring,Ixalan,XLN,287,Near Mint,English,,,,,,,,36850,,"",$0.00,Instant,{R},Uncommon,$0.12,https://s.deckbox.org/system/images/mtg/cards/435448.jpg,a19440e2-855f-4f60-a443-b99500394611
1,0,Sun-Blessed Mount,Ixalan,XLN,288,Near Mint,English,,,,,,,,36852,,"",$0.00,Creature - Dinosaur,{3}{R}{W},Rare,$0.20,https://s.deckbox.org/system/images/mtg/cards/435449.jpg,6f06ac1f-0bae-4aaa-9ff4-28c806828c40
1,0,Channeler Initiate,Amonkhet,AKH,160,Near Mint,English,,,,,,,,35337,,"",$0.00,Creature - Human Druid,{1}{G},Rare,$0.19,https://s.deckbox.org/system/images/mtg/cards/426862.jpg,bef38c5a-07fc-477f-a1c0-70cc3ad64f96
1,0,Honored Hydra,Amonkhet,AKH,172,Near Mint,English,,,,,,,,35381,,"",$0.00,Creature - Snake Hydra,{5}{G},Rare,$0.28,https://s.deckbox.org/system/images/mtg/cards/426874.jpg,21c33902-a06a-4321-bdf4-cea5494fda63
2,0,Synchronized Strike,Amonkhet,AKH,190,Near Mint,English,,,,,,,,35265,,"",$0.00,Instant,{2}{G},Uncommon,$0.08,https://s.deckbox.org/system/images/mtg/cards/426892.jpg,fcb09d11-5a6d-498f-9173-3539760b19fb
1,0,Watchful Naga,Amonkhet,AKH,193,Near Mint,English,,,,,,,,35342,,"",$0.00,Creature - Naga Wizard,{2}{G},Uncommon,$0.06,https://s.deckbox.org/system/images/mtg/cards/426895.jpg,b0ae361e-20e2-4388-bd82-ce041f427495
1,0,Watchers of the Dead,Amonkhet,AKH,238,Near Mint,English,,,,,,,,35248,,"",$0.00,Artifact Creature - Cat,{2},Uncommon,$0.09,https://s.deckbox.org/system/images/mtg/cards/426940.jpg,30efc831-3673-4bc1-8a25-150c0349253a
1,0,"Bruna, the Fading Light",Eldritch Moon,EMN,15,Near Mint,English,,,,,,,,31643,,"",$0.00,Legendary Creature - Angel Horror,{5}{W}{W},Rare,$3.83,https://s.deckbox.org/system/images/mtg/cards/414304.jpg,27907985-b5f6-4098-ab43-15a0c2bf94d5
1,0,Deploy the Gatewatch,Eldritch Moon,EMN,20,Near Mint,English,,,,,,,,31710,,"",$0.00,Sorcery,{4}{W}{W},MythicRare,$0.40,https://s.deckbox.org/system/images/mtg/cards/414310.jpg,a3aa54d9-9f01-46e4-b4bd-f8bc57b44ac1
1,0,Providence,Eldritch Moon,EMN,37,Near Mint,English,,,,,,,,31618,,"",$0.00,Sorcery,{5}{W}{W},Rare,$0.23,https://s.deckbox.org/system/images/mtg/cards/414329.jpg,2e5edd8d-8e10-4414-a326-95a672dfcff7
1,0,Coax from the Blind Eternities,Eldritch Moon,EMN,51,Near Mint,English,,,,,,,,31740,,"",$0.00,Sorcery,{2}{U},Rare,$0.13,https://s.deckbox.org/system/images/mtg/cards/414343.jpg,740ad768-2be0-4e5a-9d60-6c7ec4bdc107
1,0,Hanweir Garrison,Eldritch Moon,EMN,130,Near Mint,English,,,,,,,,31619,,"",$0.00,Creature - Human Soldier,{2}{R},Rare,$2.68,https://s.deckbox.org/system/images/mtg/cards/414428.jpg,0900e494-962d-48c6-8e78-66a489be4bb2
1,0,Kessig Prowler // Sinuous Predator,Eldritch Moon,EMN,163,Near Mint,English,,,,,,,,31711,,"",$0.00,Creature - Werewolf Horror // Creature - Eldrazi Werewolf,{G},Uncommon,$0.13,https://s.deckbox.org/system/images/mtg/cards/414464.jpg,f89f116a-1e8e-4ae7-be39-552e4954f229
1,0,Tangleclaw Werewolf // Fibrous Entangler,Eldritch Moon,EMN,174,Near Mint,English,,,,,,,,31606,,"",$0.00,Creature - Werewolf Horror // Creature - Eldrazi Werewolf,{2}{G}{G},Uncommon,$0.09,https://s.deckbox.org/system/images/mtg/cards/414477.jpg,ee648500-a213-4aa4-a97c-b7223c11bebd
1,0,Ride Down,Eldritch Moon,EMN,188,Near Mint,English,,,,,,,,31724,,"",$0.00,Instant,{R}{W},Uncommon,$0.08,https://s.deckbox.org/system/images/mtg/cards/414493.jpg,c021868f-9ab8-4a52-b12e-3cc35c9d67f0
1,0,Cryptolith Fragment // Aurora of Emrakul,Eldritch Moon,EMN,193,Near Mint,English,,,,,,,,31610,,"",$0.00,Artifact // Creature - Eldrazi Reflection,{3},Uncommon,$0.63,https://s.deckbox.org/system/images/mtg/cards/414499.jpg,078b2103-15ce-456d-b092-352fa7222935
1,0,Hanweir Battlements,Eldritch Moon,EMN,204,Near Mint,English,,,,,,,,31654,,"",$0.00,Land,"",Rare,$4.40,https://s.deckbox.org/system/images/mtg/cards/414511.jpg,1d743ad6-6ca2-409a-9773-581cc195dbf2
4,0,Unruly Mob,Shadows over Innistrad,SOI,47,Near Mint,English,,,,,,,,31168,,"",$0.00,Creature - Human,{1}{W},Common,$0.05,https://s.deckbox.org/system/images/mtg/cards/409788.jpg,012d76b7-1445-4853-9e54-159154bbb144
1,0,Mindwrack Demon,Shadows over Innistrad,SOI,124,Near Mint,English,,,,,,,,30999,,"",$0.00,Creature - Demon,{2}{B}{B},MythicRare,$0.30,https://s.deckbox.org/system/images/mtg/cards/409874.jpg,b804cb9c-349e-4143-a372-cf65470d5b46
1,0,Throttle,Shadows over Innistrad,SOI,138,Near Mint,English,,,,,,,,31020,,"",$0.00,Instant,{4}{B},Common,$0.02,https://s.deckbox.org/system/images/mtg/cards/409888.jpg,953f9001-17b2-4087-8d87-5dbaa6c48b16
1,0,Scourge Wolf,Shadows over Innistrad,SOI,179,Near Mint,English,,,,,,,,31086,,"",$0.00,Creature - Wolf Horror,{R}{R},Rare,$0.16,https://s.deckbox.org/system/images/mtg/cards/409934.jpg,072f47ad-3055-4bd2-b7fd-cfbd22720d58
1,0,Moonlight Hunt,Shadows over Innistrad,SOI,219,Near Mint,English,,,,,,,,31070,,"",$0.00,Instant,{1}{G},Uncommon,$0.40,https://s.deckbox.org/system/images/mtg/cards/409981.jpg,d9633603-a80f-448d-98d9-00064d379c26
1,0,Oath of Gideon,Oath of the Gatewatch,OGW,30,Near Mint,English,,,,,,,,30700,,"",$0.00,Legendary Enchantment,{2}{W},Rare,$0.19,https://s.deckbox.org/system/images/mtg/cards/407540.jpg,97976ade-c6ec-4068-be6b-953255b86a79
1,0,Dimensional Infiltrator,Oath of the Gatewatch,OGW,44,Near Mint,English,,,,,,,,30546,,"",$0.00,Creature - Eldrazi,{1}{U},Rare,$0.24,https://s.deckbox.org/system/images/mtg/cards/407554.jpg,0ea28dd5-57b0-4255-a3d9-1c190c446f20
1,0,Gift of Tusks,Oath of the Gatewatch,OGW,55,Near Mint,English,,,,,,,,30609,,"",$0.00,Instant,{U},Uncommon,$0.08,https://s.deckbox.org/system/images/mtg/cards/407565.jpg,3821122c-c495-42b0-b8f6-3f469967f16d
1,0,Dread Defiler,Oath of the Gatewatch,OGW,68,Near Mint,English,,,,,,,,30714,,"",$0.00,Creature - Eldrazi,{6}{B},Rare,$0.25,https://s.deckbox.org/system/images/mtg/cards/407578.jpg,e2b26769-4705-4b09-94b4-1063e67041d1
1,0,Devour in Flames,Oath of the Gatewatch,OGW,106,Near Mint,English,,,,,,,,30649,,"",$0.00,Sorcery,{2}{R},Uncommon,$0.09,https://s.deckbox.org/system/images/mtg/cards/407616.jpg,432dd78b-9520-4c28-8699-d7ff9c477070
1,0,Pyromancer's Assault,Oath of the Gatewatch,OGW,115,Near Mint,English,,,,,,,,30707,,"",$0.00,Enchantment,{3}{R},Uncommon,$0.06,https://s.deckbox.org/system/images/mtg/cards/407625.jpg,b2c8dad1-278c-4ced-8124-5593b140d361
2,0,Tears of Valakut,Oath of the Gatewatch,OGW,118,Near Mint,English,,,,,,,,30699,,"",$0.00,Instant,{1}{R},Uncommon,$0.17,https://s.deckbox.org/system/images/mtg/cards/407628.jpg,db858823-ae8b-4da1-be6f-aee541e008ae
1,0,Vile Redeemer,Oath of the Gatewatch,OGW,125,Near Mint,English,,,,,,,,30630,,"",$0.00,Creature - Eldrazi,{2}{G},Rare,$0.19,https://s.deckbox.org/system/images/mtg/cards/407635.jpg,f48b0613-127a-4338-aea4-ad0b8aa96d77
2,0,Baloth Pup,Oath of the Gatewatch,OGW,127,Near Mint,English,,,,,,,,30686,,"",$0.00,Creature - Beast,{1}{G},Uncommon,$0.07,https://s.deckbox.org/system/images/mtg/cards/407637.jpg,3f9c87f4-4fa5-4c97-9654-c4acd250f850
1,0,Bonds of Mortality,Oath of the Gatewatch,OGW,128,Near Mint,English,,,,,,,,30626,,"",$0.00,Enchantment,{1}{G},Uncommon,$0.21,https://s.deckbox.org/system/images/mtg/cards/407638.jpg,ff50de00-115f-41ed-892b-aac9bd13b9b9
1,0,Harvester Troll,Oath of the Gatewatch,OGW,133,Near Mint,English,,,,,,,,30637,,"",$0.00,Creature - Troll,{3}{G},Uncommon,$0.11,https://s.deckbox.org/system/images/mtg/cards/407643.jpg,0bf92744-0acc-4c7e-819c-51b0696facad
1,0,Seed Guardian,Oath of the Gatewatch,OGW,143,Near Mint,English,,,,,,,,30607,,"",$0.00,Creature - Elemental,{2}{G}{G},Uncommon,$0.06,https://s.deckbox.org/system/images/mtg/cards/407653.jpg,ba4736b3-d6ce-4a16-bcb7-67780caeb78c
1,0,Chitinous Cloak,Oath of the Gatewatch,OGW,163,Near Mint,English,,,,,,,,30566,,"",$0.00,Artifact - Equipment,{3},Uncommon,$0.09,https://s.deckbox.org/system/images/mtg/cards/407673.jpg,15e54603-af67-497f-afe0-88cfa4d00095
1,0,Blight Herder,Battle for Zendikar,BFZ,2,Near Mint,English,,,,,,,,29984,,"",$0.00,Creature - Eldrazi Processor,{5},Rare,$0.39,https://s.deckbox.org/system/images/mtg/cards/401819.jpg,478c3a74-ff78-4041-8137-93356d370ece
1,0,Conduit of Ruin,Battle for Zendikar,BFZ,4,Near Mint,English,,,,,,,,29859,,"",$0.00,Creature - Eldrazi,{6},Rare,$4.70,https://s.deckbox.org/system/images/mtg/cards/401847.jpg,4bc855d3-817c-4748-a7f5-1533d8b0e930
1,0,Drowner of Hope,Battle for Zendikar,BFZ,57,Near Mint,English,,,,,,,,29854,,"",$0.00,Creature - Eldrazi,{5}{U},Rare,$0.18,https://s.deckbox.org/system/images/mtg/cards/401863.jpg,0fd5b48c-6850-47d4-8106-297be6c8f708
1,0,Coastal Discovery,Battle for Zendikar,BFZ,73,Near Mint,English,,,,,,,,29786,,"",$0.00,Sorcery,{3}{U},Uncommon,$0.07,https://s.deckbox.org/system/images/mtg/cards/401845.jpg,c1df2411-0b0d-4b93-bf30-a22487b3c6ef
1,0,Windrider Patrol,Battle for Zendikar,BFZ,89,Near Mint,English,,,,,,,,29761,,"",$0.00,Creature - Merfolk Wizard,{3}{U}{U},Uncommon,$0.05,https://s.deckbox.org/system/images/mtg/cards/402098.jpg,4ac7b904-7658-4248-a75c-b3a862bde196
1,0,Bloodbond Vampire,Battle for Zendikar,BFZ,104,Near Mint,English,,,,,,,,29872,,"",$0.00,Creature - Vampire Shaman Ally,{2}{B}{B},Uncommon,$0.08,https://s.deckbox.org/system/images/mtg/cards/401826.jpg,ca31ce70-24c5-4fb2-8d88-c9ffa8474c8f
1,0,Carrier Thrall,Battle for Zendikar,BFZ,106,Near Mint,English,,,,,,,,29777,,"",$0.00,Creature - Vampire,{1}{B},Uncommon,$0.08,https://s.deckbox.org/system/images/mtg/cards/401838.jpg,bd2ab895-9225-4eba-90c3-4023db4f8b70
1,0,Hagra Sharpshooter,Battle for Zendikar,BFZ,113,Near Mint,English,,,,,,,,29996,,"",$0.00,Creature - Human Assassin Ally,{2}{B},Uncommon,$0.09,https://s.deckbox.org/system/images/mtg/cards/401908.jpg,a706b2e3-bd0e-4111-8b68-976869c7d707
1,0,Akoum Stonewaker,Battle for Zendikar,BFZ,140,Near Mint,English,,,,,,,,29898,,"",$0.00,Creature - Human Shaman,{1}{R},Uncommon,$0.07,https://s.deckbox.org/system/images/mtg/cards/401806.jpg,c92ab7b5-6a29-463e-b294-3cb0efaccddb
1,0,Chasm Guide,Battle for Zendikar,BFZ,143,Near Mint,English,,,,,,,,29826,,"",$0.00,Creature - Goblin Scout Ally,{3}{R},Uncommon,$0.06,https://s.deckbox.org/system/images/mtg/cards/401840.jpg,fbd0fad7-264d-40fc-a616-a88dc94fa4d7
1,0,Rolling Thunder,Battle for Zendikar,BFZ,154,Near Mint,English,,,,,,,,30020,,"",$0.00,Sorcery,{X}{R}{R},Uncommon,$0.08,https://s.deckbox.org/system/images/mtg/cards/402015.jpg,5dd980d5-c6d1-4834-977b-22e80f0b449d
1,0,From Beyond,Battle for Zendikar,BFZ,167,Near Mint,English,,,,,,,,29846,,"",$0.00,Enchantment,{3}{G},Rare,$1.43,https://s.deckbox.org/system/images/mtg/cards/401893.jpg,f5559960-e306-4992-b607-9654327c4507
1,0,"Munda, Ambush Leader",Battle for Zendikar,BFZ,215,Near Mint,English,,,,,,,,29994,,"",$0.00,Legendary Creature - Kor Ally,{2}{R}{W},Rare,$0.08,https://s.deckbox.org/system/images/mtg/cards/401963.jpg,d8ee09fe-46d7-492b-a2f3-3fb0c3f83f07
3,0,Pathway Arrows,Battle for Zendikar,BFZ,225,Near Mint,English,,,,,,,,29933,,"",$0.00,Artifact - Equipment,{1},Uncommon,$0.16,https://s.deckbox.org/system/images/mtg/cards/401983.jpg,15b98611-a6f7-498c-87e3-893a3f4b4f73
1,0,Blighted Fen,Battle for Zendikar,BFZ,230,Near Mint,English,,,,,,,,29829,,"",$0.00,Land,"",Uncommon,$0.06,https://s.deckbox.org/system/images/mtg/cards/401821.jpg,29d02950-cd50-4662-97af-3106598dc3c4
1,0,Blighted Steppe,Battle for Zendikar,BFZ,232,Near Mint,English,,,,,,,,29767,,"",$0.00,Land,"",Uncommon,$0.14,https://s.deckbox.org/system/images/mtg/cards/401823.jpg,f43df8ee-d3e4-419e-aed0-1059d95f9cab
1,0,Sanctum of Ugin,Battle for Zendikar,BFZ,242,Near Mint,English,,,,,,,,29788,,"",$0.00,Land,,Rare,$1.33,https://s.deckbox.org/system/images/mtg/cards/402022.jpg,86798d03-9f2d-46bd-a660-13c8dd5535ce
1,0,Spawning Bed,Battle for Zendikar,BFZ,248,Near Mint,English,,,,,,,,29976,,"",$0.00,Land,,Uncommon,$0.20,https://s.deckbox.org/system/images/mtg/cards/402046.jpg,e3a532b2-de88-40af-8961-b01eada05bd3
1,0,Ampryn Tactician,Magic Origins,ORI,2,Near Mint,English,,,,,,,,28331,,"",$0.00,Creature - Human Soldier,{2}{W}{W},Common,$0.07,https://s.deckbox.org/system/images/mtg/cards/398603.jpg,82a2e1d9-6763-4024-a18b-982d96395553
1,0,Tower Geist,Magic Origins,ORI,80,Near Mint,English,,,,,,,,28453,,"",$0.00,Creature - Spirit,{3}{U},Uncommon,$0.09,https://s.deckbox.org/system/images/mtg/cards/398615.jpg,c62815ee-d1d6-4c96-8ab0-4c0a8250ae86
2,0,Necromantic Summons,Magic Origins,ORI,110,Near Mint,English,,,,,,,,28446,,"",$0.00,Sorcery,{4}{B},Uncommon,$0.09,https://s.deckbox.org/system/images/mtg/cards/398491.jpg,3afe7891-09d5-470e-aa41-71d89249875b
1,0,Acolyte of the Inferno,Magic Origins,ORI,128,Near Mint,English,,,,,,,,28332,,"",$0.00,Creature - Human Monk,{2}{R},Uncommon,$0.09,https://s.deckbox.org/system/images/mtg/cards/398574.jpg,186581c7-81a6-4c27-b8a9-ff7f7a4b1d40
1,0,Ghirapur Aether Grid,Magic Origins,ORI,148,Near Mint,English,,,,,,,,28419,,"",$0.00,Enchantment,{2}{R},Uncommon,$0.20,https://s.deckbox.org/system/images/mtg/cards/398517.jpg,2e4a0c29-a759-465f-9136-9d709b6f30fc
1,0,Seismic Elemental,Magic Origins,ORI,161,Near Mint,English,,,,,,,,28355,,"",$0.00,Creature - Elemental,{3}{R}{R},Uncommon,$0.08,https://s.deckbox.org/system/images/mtg/cards/398579.jpg,a60d957b-f71a-403e-82fe-30ea87d1e142
1,0,Valeron Wardens,Magic Origins,ORI,203,Near Mint,English,,,,,,,,28467,,"",$0.00,Creature - Human Monk,{2}{G},Uncommon,$0.06,https://s.deckbox.org/system/images/mtg/cards/398447.jpg,e693a7e7-d95e-4cd8-9524-ca5fc517189a
1,0,Jayemdae Tome,Magic Origins,ORI,231,Near Mint,English,,,,,,,,28287,,"",$0.00,Artifact,{4},Uncommon,$0.03,https://s.deckbox.org/system/images/mtg/cards/398530.jpg,518af905-f518-4269-89b4-781085be8dd2
1,0,Orbs of Warding,Magic Origins,ORI,234,Near Mint,English,,,,,,,,28289,,"",$0.00,Artifact,{5},Rare,$0.43,https://s.deckbox.org/system/images/mtg/cards/398551.jpg,c33ba4e5-217f-47e3-a6ce-f935a70c7566
1,0,Dance of the Skywise,Dragons of Tarkir,DTK,50,Near Mint,English,,,,,,,,27629,,"",$0.00,Instant,{1}{U},Uncommon,$0.16,https://s.deckbox.org/system/images/mtg/cards/394529.jpg,c548d140-3d81-4b33-9985-87703d316a83
1,0,Gudul Lurker,Dragons of Tarkir,DTK,56,Near Mint,English,,,,,,,,27621,,"",$0.00,Creature - Salamander,{U},Uncommon,$0.83,https://s.deckbox.org/system/images/mtg/cards/394588.jpg,c84d5344-2d15-43da-b536-27e0d308606b
1,0,Sight Beyond Sight,Dragons of Tarkir,DTK,75,Near Mint,English,,,,,,,,27756,,"",$0.00,Sorcery,{3}{U},Uncommon,$0.12,https://s.deckbox.org/system/images/mtg/cards/394697.jpg,def0df83-fe20-497f-b372-1d2e4d7c8df9
1,0,Risen Executioner,Dragons of Tarkir,DTK,116,Near Mint,English,,,,,,,,27733,,"",$0.00,Creature - Zombie Warrior,{2}{B}{B},MythicRare,$0.80,https://s.deckbox.org/system/images/mtg/cards/394666.jpg,95ff5e62-b73e-4b85-b65f-5226e75c7f97
1,0,Virulent Plague,Dragons of Tarkir,DTK,125,Near Mint,English,,,,,,,,27843,,"",$0.00,Enchantment,{2}{B},Uncommon,$0.16,https://s.deckbox.org/system/images/mtg/cards/394739.jpg,3c5f82b6-53d9-43ce-8a17-c680c443e586
1,0,Wandering Tombshell,Dragons of Tarkir,DTK,127,Near Mint,English,,,,,,,,27707,,"",$0.00,Creature - Zombie Turtle,{3}{B},Common,$0.04,https://s.deckbox.org/system/images/mtg/cards/394744.jpg,e66e1d97-d676-471a-a140-deb39600a7a9
1,0,Crater Elemental,Dragons of Tarkir,DTK,132,Near Mint,English,,,,,,,,27835,,"",$0.00,Creature - Elemental,{2}{R},Rare,$0.14,https://s.deckbox.org/system/images/mtg/cards/394525.jpg,c4ee8d1f-00e8-44e3-b125-ef98e1461263
1,0,Impact Tremors,Dragons of Tarkir,DTK,140,Near Mint,English,,,,,,,,27744,,"",$0.00,Enchantment,{1}{R},Common,$1.09,https://s.deckbox.org/system/images/mtg/cards/394600.jpg,56fb4035-197b-4d28-9bf7-bb62c304067e
1,0,Qal Sisma Behemoth,Dragons of Tarkir,DTK,149,Near Mint,English,,,,,,,,27820,,"",$0.00,Creature - Ogre Warrior,{2}{R},Uncommon,$0.05,https://s.deckbox.org/system/images/mtg/cards/394656.jpg,ea70e96a-bebd-4ca4-aa24-e5fd0df38b8a
1,0,Circle of Elders,Dragons of Tarkir,DTK,176,Near Mint,English,,,,,,,,27613,,"",$0.00,Creature - Human Shaman,{2}{G}{G},Uncommon,$0.07,https://s.deckbox.org/system/images/mtg/cards/394516.jpg,a99df522-cc97-41e3-8073-72e092afe8bb
1,0,Collected Company,Dragons of Tarkir,DTK,177,Near Mint,English,,,,,,,,27692,,"",$0.00,Instant,{3}{G},Rare,$5.02,https://s.deckbox.org/system/images/mtg/cards/394519.jpg,cfa7b456-7e83-4587-a875-9b35fde318c2
1,0,Shape the Sands,Dragons of Tarkir,DTK,205,Near Mint,English,,,,,,,,27699,,"",$0.00,Instant,{G},Common,$0.06,https://s.deckbox.org/system/images/mtg/cards/394690.jpg,0243dde4-29c9-4e47-9129-8e01296851cc
1,0,Stampeding Elk Herd,Dragons of Tarkir,DTK,208,Near Mint,English,,,,,,,,27611,,"",$0.00,Creature - Elk,{3}{G}{G},Common,$0.05,https://s.deckbox.org/system/images/mtg/cards/394710.jpg,7e55e213-6eab-4086-96cd-024de6150fbe
1,0,Ancestral Statue,Dragons of Tarkir,DTK,234,Near Mint,English,,,,,,,,27603,,"",$0.00,Artifact Creature - Golem,{4},Common,$0.15,https://s.deckbox.org/system/images/mtg/cards/394491.jpg,c7124a6f-b690-4326-93b5-036a8c520c1f
1,0,Tapestry of the Ages,Dragons of Tarkir,DTK,246,Near Mint,English,,,,,,,,27793,,"",$0.00,Artifact,{4},Uncommon,$0.08,https://s.deckbox.org/system/images/mtg/cards/394728.jpg,122e5e24-d704-4f1c-9577-0f25aaabb7ed
1,0,Great-Horn Krushok,Fate Reforged,FRF,13,Near Mint,English,,,,,,,,27174,,"",$0.00,Creature - Beast,{4}{W},Common,$0.02,https://s.deckbox.org/system/images/mtg/cards/391848.jpg,122e08cb-407b-4b3d-8af0-077ff96bf160
1,0,Typhoid Rats,Fate Reforged,FRF,89,Near Mint,English,,,,,,,,27101,,"",$0.00,Creature - Rat,{B},Common,$0.23,https://s.deckbox.org/system/images/mtg/cards/391947.jpg,d13cb90b-50c3-46ef-83f8-812dfb7ff881
1,0,Arcbond,Fate Reforged,FRF,91,Near Mint,English,,,,,,,,27040,,"",$0.00,Instant,{2}{R},Rare,$0.64,https://s.deckbox.org/system/images/mtg/cards/391793.jpg,9bc397d1-50a8-46cd-98b2-7104f2241420
1,0,Goblin Heelcutter,Fate Reforged,FRF,102,Near Mint,English,,,,,,,,27169,,"",$0.00,Creature - Goblin Berserker,{3}{R},Common,$0.08,https://s.deckbox.org/system/images/mtg/cards/391845.jpg,5b3bfeb6-95d6-4f00-8981-c6d3c9c93f67
1,0,Map the Wastes,Fate Reforged,FRF,134,Near Mint,English,,,,,,,,27181,,"",$0.00,Sorcery,{2}{G},Common,$0.04,https://s.deckbox.org/system/images/mtg/cards/391871.jpg,039b61b1-79d5-44b6-8c0f-b8e8e508e5a9
1,0,Yasova Dragonclaw,Fate Reforged,FRF,148,Near Mint,English,,,,,,,,27093,,"",$0.00,Legendary Creature - Human Warrior,{2}{G},Rare,$0.14,https://s.deckbox.org/system/images/mtg/cards/391965.jpg,490994c6-9fef-482b-835d-a64350bfaa8d
1,0,Harsh Sustenance,Fate Reforged,FRF,154,Near Mint,English,,,,,,,,27143,,"",$0.00,Instant,{1}{W}{B},Common,$0.06,https://s.deckbox.org/system/images/mtg/cards/391851.jpg,770d60a0-23fc-4224-873c-2e5549b3a816
1,0,Erase,Khans of Tarkir,KTK,9,Near Mint,English,,,,,,,,26112,,"",$0.00,Instant,{W},Common,$0.03,https://s.deckbox.org/system/images/mtg/cards/386533.jpg,d1dd0e10-2ad7-467f-8d4b-c70b95bf2e9c
1,0,Jeskai Student,Khans of Tarkir,KTK,14,Near Mint,English,,,,,,,,26314,,"",$0.00,Creature - Human Monk,{1}{W},Common,$0.07,https://s.deckbox.org/system/images/mtg/cards/386575.jpg,9007c528-0107-40fd-a97e-e5576f297eb2
1,0,Kill Shot,Khans of Tarkir,KTK,15,Near Mint,English,,,,,,,,26171,,"",$0.00,Instant,{2}{W},Common,$0.03,https://s.deckbox.org/system/images/mtg/cards/386582.jpg,f30d4136-78a3-4760-83af-d365cc97d118
1,0,Siegecraft,Khans of Tarkir,KTK,23,Near Mint,English,,,,,,,,26278,,"",$0.00,Enchantment - Aura,{3}{W},Common,$0.05,https://s.deckbox.org/system/images/mtg/cards/386667.jpg,fbd17ef9-9f1b-4937-a60a-d7175f04eef2
1,0,Suspension Field,Khans of Tarkir,KTK,25,Near Mint,English,,,,,,,,26324,,"",$0.00,Enchantment,{1}{W},Uncommon,$0.06,https://s.deckbox.org/system/images/mtg/cards/386682.jpg,ba5c9628-1801-43d9-8bb4-4cca168510b2
1,0,Force Away,Khans of Tarkir,KTK,40,Near Mint,English,,,,,,,,26088,,"",$0.00,Instant,{1}{U},Common,$0.07,https://s.deckbox.org/system/images/mtg/cards/386539.jpg,dda70b3e-4b70-404e-a579-41dd126be084
1,0,Glacial Stalker,Khans of Tarkir,KTK,41,Near Mint,English,,,,,,,,26340,,"",$0.00,Creature - Elemental,{5}{U},Common,$0.03,https://s.deckbox.org/system/images/mtg/cards/386546.jpg,8821c7b9-702b-416f-b006-941ad57f9e11
1,0,Monastery Flock,Khans of Tarkir,KTK,47,Near Mint,English,,,,,,,,26134,,"",$0.00,Creature - Bird,{2}{U},Common,$0.03,https://s.deckbox.org/system/images/mtg/cards/386607.jpg,e53c0e50-4b0b-43d8-80c0-2c216722c87a
1,0,Quiet Contemplation,Khans of Tarkir,KTK,50,Near Mint,English,,,,,,,,26144,,"",$0.00,Enchantment,{2}{U},Uncommon,$0.08,https://s.deckbox.org/system/images/mtg/cards/386629.jpg,5dc7c9d5-904e-4ab6-9773-5c4f1c6d34c4
1,0,Weave Fate,Khans of Tarkir,KTK,61,Near Mint,English,,,,,,,,26149,,"",$0.00,Instant,{3}{U},Common,$0.02,https://s.deckbox.org/system/images/mtg/cards/386720.jpg,a4a1f9c1-25a3-465f-b3d8-98f0867c9bb6
1,0,Dead Drop,Khans of Tarkir,KTK,67,Near Mint,English,,,,,,,,26325,,"",$0.00,Sorcery,{9}{B},Uncommon,$0.07,https://s.deckbox.org/system/images/mtg/cards/386512.jpg,ff25a19a-8f98-47ef-847c-ba526c82b290
1,0,Despise,Khans of Tarkir,KTK,69,Near Mint,English,,,,,,,,26210,,"",$0.00,Sorcery,{B},Uncommon,$0.11,https://s.deckbox.org/system/images/mtg/cards/386517.jpg,64216ce3-945e-42d8-9127-cf11c687da67
1,0,Mardu Skullhunter,Khans of Tarkir,KTK,78,Near Mint,English,,,,,,,,26338,,"",$0.00,Creature - Human Warrior,{1}{B},Common,$0.04,https://s.deckbox.org/system/images/mtg/cards/386598.jpg,dd3ca5e7-96f3-4326-9315-34bb396a054c
1,0,Bloodfire Expert,Khans of Tarkir,KTK,101,Near Mint,English,,,,,,,,26089,,"",$0.00,Creature - Efreet Monk,{2}{R},Common,$0.06,https://s.deckbox.org/system/images/mtg/cards/386492.jpg,0742564e-f7a7-4107-b9ed-63703ca4702c
1,0,Leaping Master,Khans of Tarkir,KTK,114,Near Mint,English,,,,,,,,26293,,"",$0.00,Creature - Human Monk,{1}{R},Common,$0.02,https://s.deckbox.org/system/images/mtg/cards/386586.jpg,0f786a1d-4703-4bac-abba-632506d2726c
1,0,Archers' Parapet,Khans of Tarkir,KTK,128,Near Mint,English,,,,,,,,26100,,"",$0.00,Creature - Wall,{1}{G},Common,$0.07,https://s.deckbox.org/system/images/mtg/cards/386479.jpg,64ac0667-8ecc-4034-89bb-dce0af531014
1,0,Pine Walker,Khans of Tarkir,KTK,143,Near Mint,English,,,,,,,,26265,,"",$0.00,Creature - Elemental,{3}{G}{G},Uncommon,$0.06,https://s.deckbox.org/system/images/mtg/cards/386622.jpg,93a49d9c-8fe7-494b-9a26-cf4bde71e420
1,0,Abomination of Gudul,Khans of Tarkir,KTK,159,Near Mint,English,,,,,,,,26101,,"",$0.00,Creature - Horror,{3}{B}{G}{U},Common,$0.06,https://s.deckbox.org/system/images/mtg/cards/386463.jpg,7df9759e-1072-4a6a-be57-f73b15bf3847
1,0,Avalanche Tusker,Khans of Tarkir,KTK,166,Near Mint,English,,,,,,,,26354,,"",$0.00,Creature - Elephant Warrior,{2}{G}{U}{R},Rare,$0.07,https://s.deckbox.org/system/images/mtg/cards/386483.jpg,408e3f12-53d5-45f4-8ccc-6c00f8a9c6fe
1,0,Flying Crane Technique,Khans of Tarkir,KTK,176,Near Mint,English,,,,,,,,26206,,"",$0.00,Instant,{3}{U}{R}{W},Rare,$0.13,https://s.deckbox.org/system/images/mtg/cards/386538.jpg,f1ba7efe-ae5a-4d11-b535-1c2e5e6f5982
1,0,Rakshasa Vizier,Khans of Tarkir,KTK,193,Near Mint,English,,,,,,,,26187,,"",$0.00,Creature - Cat Demon,{2}{B}{G}{U},Rare,$0.09,https://s.deckbox.org/system/images/mtg/cards/386632.jpg,cb39e674-919d-4db6-9ac1-cfa1cca02207
1,0,Sage of the Inward Eye,Khans of Tarkir,KTK,195,Near Mint,English,,,,,,,,26284,,"",$0.00,Creature - Djinn Wizard,{2}{U}{R}{W},Rare,$0.14,https://s.deckbox.org/system/images/mtg/cards/386644.jpg,297c336b-3f70-4518-b1f1-7b773774895d
1,0,Savage Knuckleblade,Khans of Tarkir,KTK,197,Near Mint,English,,,,,,,,26343,,"",$0.00,Creature - Ogre Warrior,{G}{U}{R},Rare,$0.08,https://s.deckbox.org/system/images/mtg/cards/386651.jpg,4c9dddd3-7c8d-4669-8298-58149b142b8a
1,0,Temur Ascendancy,Khans of Tarkir,KTK,207,Near Mint,English,,,,,,,,26241,,"",$0.00,Enchantment,{G}{U}{R},Rare,$6.31,https://s.deckbox.org/system/images/mtg/cards/386692.jpg,11746bf1-d813-4ade-8ce4-9935cebef856
1,0,Warden of the Eye,Khans of Tarkir,KTK,212,Near Mint,English,,,,,,,,26175,,"",$0.00,Creature - Djinn Wizard,{2}{U}{R}{W},Uncommon,$0.09,https://s.deckbox.org/system/images/mtg/cards/386716.jpg,04135bf7-2bcf-4a92-80f0-6d5eefca551b
1,0,Abzan Banner,Khans of Tarkir,KTK,215,Near Mint,English,,,,,,,,26138,,"",$0.00,Artifact,{3},Common,$0.09,https://s.deckbox.org/system/images/mtg/cards/386465.jpg,7855528a-ede9-49a9-8749-795a004fd927
2,0,Ugin's Nexus,Khans of Tarkir,KTK,227,Near Mint,English,,,,,,,,26266,,"",$0.00,Legendary Artifact,{5},MythicRare,$1.04,https://s.deckbox.org/system/images/mtg/cards/386709.jpg,94002868-a48a-4ea8-bfce-17257078f5db
1,0,Jace's Ingenuity,Magic 2015 Core Set,M15,63,Near Mint,English,,,,,,,,25066,,"",$0.00,Instant,{3}{U}{U},Uncommon,$0.06,https://s.deckbox.org/system/images/mtg/cards/383286.jpg,ad4932ba-e272-4f22-89f5-a6153ca570b5
1,0,Quickling,Magic 2015 Core Set,M15,76,Near Mint,English,,,,,,,,25020,,"",$0.00,Creature - Faerie Rogue,{1}{U},Uncommon,$0.14,https://s.deckbox.org/system/images/mtg/cards/383354.jpg,278fbdb9-51e3-4ed6-bcc5-c5b86f06c216
1,0,Void Snare,Magic 2015 Core Set,M15,82,Near Mint,English,,,,,,,,25090,,"",$0.00,Sorcery,{U},Common,$0.15,https://s.deckbox.org/system/images/mtg/cards/383429.jpg,94efe426-0fb2-4a24-9b50-914e48105b57
1,0,Kird Chieftain,Magic 2015 Core Set,M15,151,Near Mint,English,,,,,,,,25042,,"",$0.00,Creature - Ape,{3}{R},Uncommon,$0.23,https://s.deckbox.org/system/images/mtg/cards/383293.jpg,4189a909-2e20-4dc7-894c-21446da5b0cf
1,0,Staff of the Death Magus,Magic 2015 Core Set,M15,232,Near Mint,English,,,,,,,,25137,,"",$0.00,Artifact,{3},Uncommon,$0.38,https://s.deckbox.org/system/images/mtg/cards/383397.jpg,84a341a4-8177-41cd-a3bc-eff5dee48c94
1,0,Terra Stomper,Magic 2015 Core Set,M15,284,Near Mint,English,,,,,,,,25140,,"",$0.00,Creature - Beast,{3}{G}{G}{G},Rare,$0.15,https://s.deckbox.org/system/images/mtg/cards/383173.jpg,cd192de8-12b7-4c3f-913c-de9f26fdbb20
1,0,Nessian Game Warden,Journey into Nyx,JOU,132,Near Mint,English,,,,,,,,24467,,"",$0.00,Creature - Beast,{3}{G}{G},Uncommon,$0.08,https://s.deckbox.org/system/images/mtg/cards/380459.jpg,5099d18d-c8b5-4706-bc93-40d1bb12988d
1,0,Excoriate,Born of the Gods,BNG,10,Near Mint,English,,,,,,,,22347,,"",$0.00,Sorcery,{3}{W},Common,$0.04,https://s.deckbox.org/system/images/mtg/cards/378382.jpg,7d5023a5-b77c-48c6-9e84-ef525300ecdf
1,0,Griffin Dreamfinder,Born of the Gods,BNG,16,Near Mint,English,,,,,,,,22354,,"",$0.00,Creature - Griffin,{3}{W}{W},Common,$0.05,https://s.deckbox.org/system/images/mtg/cards/378388.jpg,b569fadd-d9ca-4b0d-bee2-9d45574e56f0
1,0,Hold at Bay,Born of the Gods,BNG,18,Near Mint,English,,,,,,,,22478,,"",$0.00,Instant,{1}{W},Common,$0.02,https://s.deckbox.org/system/images/mtg/cards/378390.jpg,ffeb407d-6a42-488a-9869-83da3047e45d
1,0,Sunbond,Born of the Gods,BNG,28,Near Mint,English,,,,,,,,22503,,"",$0.00,Enchantment - Aura,{3}{W},Uncommon,$0.24,https://s.deckbox.org/system/images/mtg/cards/378400.jpg,9f14bbff-8a3c-4aa0-a5aa-0dd6cb23b2a3
1,0,Eternity Snare,Born of the Gods,BNG,37,Near Mint,English,,,,,,,,22391,,"",$0.00,Enchantment - Aura,{5}{U},Uncommon,$0.02,https://s.deckbox.org/system/images/mtg/cards/378409.jpg,fa167147-68ca-49af-98d3-538474ea1158
1,0,Fated Infatuation,Born of the Gods,BNG,39,Near Mint,English,,,,,,,,22387,,"",$0.00,Instant,{U}{U}{U},Rare,$0.43,https://s.deckbox.org/system/images/mtg/cards/378411.jpg,9e5ba99d-d95d-4a3b-b6b6-a5e2589d538e
1,0,Flitterstep Eidolon,Born of the Gods,BNG,40,Near Mint,English,,,,,,,,22476,,"",$0.00,Enchantment Creature - Spirit,{1}{U},Uncommon,$0.06,https://s.deckbox.org/system/images/mtg/cards/378412.jpg,9a79cee0-6023-42bc-a934-69b99fd5fb02
1,0,Forlorn Pseudamma,Born of the Gods,BNG,71,Near Mint,English,,,,,,,,22427,,"",$0.00,Creature - Zombie,{3}{B},Uncommon,$0.03,https://s.deckbox.org/system/images/mtg/cards/378443.jpg,1c236a33-fb20-41f4-8946-beb65d1cf684
1,0,Forsaken Drifters,Born of the Gods,BNG,72,Near Mint,English,,,,,,,,22345,,"",$0.00,Creature - Zombie,{3}{B},Common,$0.02,https://s.deckbox.org/system/images/mtg/cards/378444.jpg,05445d18-3590-4216-9392-9438d9f9395d
1,0,Marshmist Titan,Born of the Gods,BNG,76,Near Mint,English,,,,,,,,22412,,"",$0.00,Creature - Giant,{6}{B},Common,$0.03,https://s.deckbox.org/system/images/mtg/cards/378448.jpg,093d2e4c-f2c4-4d4e-a1b7-200327ce23b0
1,0,Odunos River Trawler,Born of the Gods,BNG,79,Near Mint,English,,,,,,,,22366,,"",$0.00,Creature - Zombie,{2}{B},Uncommon,$0.06,https://s.deckbox.org/system/images/mtg/cards/378451.jpg,a5d1eda4-ac34-4905-9022-59f91d38dbb3
1,0,Warchanter of Mogis,Born of the Gods,BNG,85,Near Mint,English,,,,,,,,22502,,"",$0.00,Creature - Minotaur Shaman,{3}{B}{B},Common,$0.05,https://s.deckbox.org/system/images/mtg/cards/378457.jpg,757948b3-8cb2-4709-9bbf-031c2bf6d4c5
2,0,Akroan Conscriptor,Born of the Gods,BNG,87,Near Mint,English,,,,,,,,22407,,"",$0.00,Creature - Human Shaman,{4}{R},Uncommon,$0.10,https://s.deckbox.org/system/images/mtg/cards/378459.jpg,decb529f-44fd-409d-932f-be9c403f12f6
1,0,Impetuous Sunchaser,Born of the Gods,BNG,99,Near Mint,English,,,,,,,,22431,,"",$0.00,Creature - Human Soldier,{1}{R},Common,$0.03,https://s.deckbox.org/system/images/mtg/cards/378471.jpg,e6d4c13b-95ef-49df-b349-26e0fec109ad
1,0,Pharagax Giant,Born of the Gods,BNG,104,Near Mint,English,,,,,,,,22365,,"",$0.00,Creature - Giant,{4}{R},Common,$0.05,https://s.deckbox.org/system/images/mtg/cards/378476.jpg,9eef1b9b-58f1-40af-a7c2-06cdaf1ec974
1,0,Thunderous Might,Born of the Gods,BNG,114,Near Mint,English,,,,,,,,22435,,"",$0.00,Enchantment - Aura,{1}{R},Uncommon,$0.07,https://s.deckbox.org/system/images/mtg/cards/378486.jpg,d361851d-e2d4-4912-ba08-81913f6b6e08
1,0,Charging Badger,Born of the Gods,BNG,118,Near Mint,English,,,,,,,,22453,,"",$0.00,Creature - Badger,{G},Common,$0.05,https://s.deckbox.org/system/images/mtg/cards/378490.jpg,5d88ad54-43fc-45e0-8e00-db6be0c021ea
1,0,Graverobber Spider,Born of the Gods,BNG,122,Near Mint,English,,,,,,,,22392,,"",$0.00,Creature - Spider,{3}{G},Uncommon,$0.11,https://s.deckbox.org/system/images/mtg/cards/378494.jpg,41810472-ba24-44b6-886c-f8906ff0a7df
1,0,Mischief and Mayhem,Born of the Gods,BNG,126,Near Mint,English,,,,,,,,22449,,"",$0.00,Sorcery,{4}{G},Uncommon,$0.03,https://s.deckbox.org/system/images/mtg/cards/378498.jpg,9daa44b4-5c30-41d8-b4d6-6219c5729a5f
1,0,Raised by Wolves,Born of the Gods,BNG,135,Near Mint,English,,,,,,,,22382,,"",$0.00,Enchantment - Aura,{3}{G}{G},Uncommon,$0.25,https://s.deckbox.org/system/images/mtg/cards/378507.jpg,bcfaace7-86e2-427e-97b1-b09dfdd30fee
1,0,"Phenax, God of Deception",Born of the Gods,BNG,152,Near Mint,English,,,,,,,,22397,,"",$0.00,Legendary Enchantment Creature - God,{3}{U}{B},MythicRare,$10.91,https://s.deckbox.org/system/images/mtg/cards/378524.jpg,8dfcb129-4665-40e4-b5cb-a79f3f40ae5c
1,0,Ragemonger,Born of the Gods,BNG,153,Near Mint,English,,,,,,,,22360,,"",$0.00,Creature - Minotaur Shaman,{1}{B}{R},Uncommon,$0.12,https://s.deckbox.org/system/images/mtg/cards/378525.jpg,1eb6eda2-e3df-440a-8900-8310f11db6e9
1,0,Heroes' Podium,Born of the Gods,BNG,159,Near Mint,English,,,,,,,,22441,,"",$0.00,Legendary Artifact,{5},Rare,$0.36,https://s.deckbox.org/system/images/mtg/cards/378531.jpg,a3cb14f9-343c-4672-b4ee-db7f1d1a98ff
2,0,Pillar of War,Born of the Gods,BNG,160,Near Mint,English,,,,,,,,22434,,"",$0.00,Artifact Creature - Golem,{3},Uncommon,$0.02,https://s.deckbox.org/system/images/mtg/cards/378532.jpg,e4c1371b-ffec-41c7-8fc1-acb2bd538080
1,0,"Elspeth, Sun's Champion",Theros,THS,9,Near Mint,English,,,,,,,,21830,,"",$0.00,Legendary Planeswalker - Elspeth,{4}{W}{W},MythicRare,$1.75,https://s.deckbox.org/system/images/mtg/cards/373649.jpg,fd5b1633-c41d-42b1-af1b-4a872077ffbd
1,0,Gift of Immortality,Theros,THS,14,Near Mint,English,,,,,,,,21812,,"",$0.00,Enchantment - Aura,{2}{W},Rare,$2.64,https://s.deckbox.org/system/images/mtg/cards/373566.jpg,2336faaa-fc6d-4fbb-bdd4-969eae565c72
1,0,Heliod's Emissary,Theros,THS,18,Near Mint,English,,,,,,,,21847,,"",$0.00,Enchantment Creature - Elk,{3}{W},Uncommon,$0.08,https://s.deckbox.org/system/images/mtg/cards/373729.jpg,49663acb-582e-495a-b45e-5fc5f4949f22
1,0,Hammer of Purphoros,Theros,THS,124,Near Mint,English,,,,,,,,21888,,"",$0.00,Legendary Enchantment Artifact,{1}{R}{R},Rare,$1.18,https://s.deckbox.org/system/images/mtg/cards/373587.jpg,3f867f61-676e-40b3-8e22-e60d0606c733
2,0,Bow of Nylea,Theros,THS,153,Near Mint,English,,,,,,,,21866,,"",$0.00,Legendary Enchantment Artifact,{1}{G}{G},Rare,$2.68,https://s.deckbox.org/system/images/mtg/cards/373603.jpg,89a2c408-e953-4386-abaf-4af85aba9620
1,0,Nemesis of Mortals,Theros,THS,163,Near Mint,English,,,,,,,,21885,,"",$0.00,Creature - Snake,{4}{G}{G},Uncommon,$0.09,https://s.deckbox.org/system/images/mtg/cards/373694.jpg,c4010889-1d7a-4db3-a27c-c39baa024765
1,0,Medomai the Ageless,Theros,THS,196,Near Mint,English,,,,,,,,21771,,"",$0.00,Legendary Creature - Sphinx,{4}{W}{U},MythicRare,$1.37,https://s.deckbox.org/system/images/mtg/cards/373675.jpg,b5f4b3cf-2c78-42c9-9873-3758c7f7bb7d
3,0,Polis Crusher,Theros,THS,198,Near Mint,English,,,,,,,,21862,,"",$0.00,Creature - Cyclops,{2}{R}{G},Rare,$0.09,https://s.deckbox.org/system/images/mtg/cards/373716.jpg,80874006-d057-49b8-981c-1d685ad1474b
1,0,"Xenagos, the Reveler",Theros,THS,209,Near Mint,English,,,,,,,,21766,,"",$0.00,Legendary Planeswalker - Xenagos,{2}{R}{G},MythicRare,$1.01,https://s.deckbox.org/system/images/mtg/cards/373502.jpg,3aecfe99-9c4b-4087-84ee-fb208fd22820
1,0,Witches' Eye,Theros,THS,222,Near Mint,English,,,,,,,,21815,,"",$0.00,Artifact - Equipment,{1},Uncommon,$0.05,https://s.deckbox.org/system/images/mtg/cards/373622.jpg,6d989daa-78eb-4120-81b5-7866a7b04590
2,0,Ogre Battledriver,Magic 2014 Core Set,M14,148,Near Mint,English,,,,,,,,21630,,"",$0.00,Creature - Ogre Warrior,{2}{R}{R},Rare,$0.73,https://s.deckbox.org/system/images/mtg/cards/370662.jpg,bff2d740-22cc-4719-ac58-28621951e68d
1,0,Volcanic Geyser,Magic 2014 Core Set,M14,160,Near Mint,English,,,,,,,,21607,,"",$0.00,Instant,{X}{R}{R},Uncommon,$0.03,https://s.deckbox.org/system/images/mtg/cards/370614.jpg,3d2b0fdb-2209-4b98-87e1-1eb870706cec
1,0,Briarpack Alpha,Magic 2014 Core Set,M14,166,Near Mint,English,,,,,,,,21573,,"",$0.00,Creature - Wolf,{3}{G},Uncommon,$0.03,https://s.deckbox.org/system/images/mtg/cards/370739.jpg,585c11e2-4c30-436c-9dbd-354b154f6def
2,0,Wrecking Ogre,Gatecrash,GTC,112,Near Mint,English,,,,,,,,20868,,"",$0.00,Creature - Ogre Warrior,{4}{R},Rare,$0.15,https://s.deckbox.org/system/images/mtg/cards/366446.jpg,87f1a27c-c576-4c34-873f-6faf020c2773
1,0,Alpha Authority,Gatecrash,GTC,114,Near Mint,English,,,,,,,,20726,,"",$0.00,Enchantment - Aura,{1}{G},Uncommon,$1.80,https://s.deckbox.org/system/images/mtg/cards/366325.jpg,fbc42ca6-db90-41d0-8a4b-3217fb2c114c
1,0,Street Spasm,Return to Ravnica,RTR,106,Near Mint,English,,,,,,,,20533,,"",$0.00,Instant,{X}{R},Uncommon,$0.12,https://s.deckbox.org/system/images/mtg/cards/265384.jpg,9a19d3b8-80d0-480f-8900-47be527d0e53
1,0,Vraska the Unseen,Return to Ravnica,RTR,208,Near Mint,English,,,,,,,,20648,,"",$0.00,Legendary Planeswalker - Vraska,{3}{B}{G},MythicRare,$0.83,https://s.deckbox.org/system/images/mtg/cards/290538.jpg,8971938c-cd26-4b83-96d7-1408cd0b0de6
1,0,Xathrid Gorgon,Magic 2013,M13,118,Near Mint,English,,,,,,,,20115,,"",$0.00,Creature - Gorgon,{5}{B},Rare,$0.22,https://s.deckbox.org/system/images/mtg/cards/253728.jpg,e07524e0-303d-465d-b112-ca605b9b27fc
1,0,Nephalia Smuggler,Avacyn Restored,AVR,69,Near Mint,English,,,,,,,,19753,,"",$0.00,Creature - Human Rogue,{U},Uncommon,$0.09,https://s.deckbox.org/system/images/mtg/cards/240159.jpg,1a531b2f-2a9e-4cc9-aea6-9dce239f5511
1,0,Corpse Traders,Avacyn Restored,AVR,90,Near Mint,English,,,,,,,,19684,,"",$0.00,Creature - Human Rogue,{3}{B},Uncommon,$0.06,https://s.deckbox.org/system/images/mtg/cards/239971.jpg,df3eed10-7a8f-4c89-8be8-389f979e10b7
2,0,Evernight Shade,Avacyn Restored,AVR,101,Near Mint,English,,,,,,,,19712,,"",$0.00,Creature - Shade,{3}{B},Uncommon,$0.12,https://s.deckbox.org/system/images/mtg/cards/240125.jpg,1091fadf-97c4-4f87-8466-6a1246a72226
1,0,Marrow Bats,Avacyn Restored,AVR,113,Near Mint,English,,,,,,,,19765,,"",$0.00,Creature - Bat Skeleton,{4}{B},Uncommon,$0.11,https://s.deckbox.org/system/images/mtg/cards/240163.jpg,38dcbad0-267e-411f-8e99-5d90b537bf9b
1,0,Howlgeist,Avacyn Restored,AVR,182,Near Mint,English,,,,,,,,19725,,"",$0.00,Creature - Spirit Wolf,{5}{G},Uncommon,$0.08,https://s.deckbox.org/system/images/mtg/cards/240102.jpg,dad60d45-1c99-41d1-a237-c0ee18ce5361
3,0,Gather the Townsfolk,Dark Ascension,DKA,8,Near Mint,English,,,,,,,,19411,,"",$0.00,Sorcery,{1}{W},Common,$0.13,https://s.deckbox.org/system/images/mtg/cards/262686.jpg,9cfa554b-ee6d-4d4e-aabc-fe7bc6b25236
1,0,Curse of Thirst,Dark Ascension,DKA,57,Near Mint,English,,,,,,,,19349,,"",$0.00,Enchantment - Aura Curse,{4}{B},Uncommon,$0.25,https://s.deckbox.org/system/images/mtg/cards/220003.jpg,a23ed5d1-44dc-4733-9e01-65fbc5dc02f2
2,0,Farbog Boneflinger,Dark Ascension,DKA,61,Near Mint,English,,,,,,,,19448,,"",$0.00,Creature - Zombie,{4}{B},Uncommon,$0.04,https://s.deckbox.org/system/images/mtg/cards/262677.jpg,98d45316-b44a-4cf6-8cbe-b02fe6545141
1,0,Harrowing Journey,Dark Ascension,DKA,67,Near Mint,English,,,,,,,,19323,,"",$0.00,Sorcery,{4}{B},Uncommon,$0.04,https://s.deckbox.org/system/images/mtg/cards/262689.jpg,9cf96a6c-8481-4954-b149-7153b80480be
1,0,Vengeful Vampire,Dark Ascension,DKA,78,Near Mint,English,,,,,,,,19392,,"",$0.00,Creature - Vampire,{4}{B}{B},Uncommon,$0.06,https://s.deckbox.org/system/images/mtg/cards/262691.jpg,d03c64a7-37d2-4d8f-bd7a-9435bc2f4101
1,0,Burning Oil,Dark Ascension,DKA,84,Near Mint,English,,,,,,,,19341,,"",$0.00,Instant,{1}{R},Uncommon,$0.05,https://s.deckbox.org/system/images/mtg/cards/262705.jpg,47773da8-afe4-43e1-8355-6ab51451ee00
1,0,Village Survivors,Dark Ascension,DKA,130,Near Mint,English,,,,,,,,19372,,"",$0.00,Creature - Human,{4}{G},Uncommon,$0.05,https://s.deckbox.org/system/images/mtg/cards/262688.jpg,13c0e852-9966-4145-b7c3-ac957f729376
1,0,Avacyn's Collar,Dark Ascension,DKA,145,Near Mint,English,,,,,,,,19403,,"",$0.00,Artifact - Equipment,{1},Uncommon,$0.07,https://s.deckbox.org/system/images/mtg/cards/262863.jpg,972e9a78-204b-4012-b394-b40fd0edac4c
1,0,Angel of Flight Alabaster,Innistrad,ISD,2,Near Mint,English,,,,,,,,18946,,"",$0.00,Creature - Angel,{4}{W},Rare,$0.21,https://s.deckbox.org/system/images/mtg/cards/230620.jpg,8dfe629f-485c-4619-9713-32d2ae406e63
1,0,Angelic Overseer,Innistrad,ISD,3,Near Mint,English,,,,,,,,19175,,"",$0.00,Creature - Angel,{3}{W}{W},MythicRare,$1.06,https://s.deckbox.org/system/images/mtg/cards/220370.jpg,221d999c-dde1-4a0f-87cf-9e9f44969f94
3,0,Bonds of Faith,Innistrad,ISD,5,Near Mint,English,,,,,,,,19122,,"",$0.00,Enchantment - Aura,{1}{W},Common,$0.04,https://s.deckbox.org/system/images/mtg/cards/221216.jpg,cc8d1ce0-78c5-4e97-9cca-33e7b6ff3440
1,0,Champion of the Parish,Innistrad,ISD,6,Near Mint,English,,,,,,,,19078,,"",$0.00,Creature - Human Soldier,{W},Rare,$1.12,https://s.deckbox.org/system/images/mtg/cards/262861.jpg,f7314414-c2d2-48ed-af2c-764cf0207c62
1,0,Ulvenwald Mystics // Ulvenwald Primordials,Innistrad,ISD,208,Near Mint,English,,,,,,,,18989,,"",$0.00,Creature - Human Shaman Werewolf // Creature - Werewolf,{2}{G}{G},Uncommon,$0.06,https://s.deckbox.org/system/images/mtg/cards/222105.jpg,8325c570-4d74-4e65-891c-3e153abf4bf9
1,0,Geist of Saint Traft,Innistrad,ISD,213,Near Mint,English,,,,,,,,19165,,"",$0.00,Legendary Creature - Spirit Cleric,{1}{W}{U},MythicRare,$0.71,https://s.deckbox.org/system/images/mtg/cards/247236.jpg,35b57113-b39a-460b-b4aa-02606b40bbd0
1,0,Sharpened Pitchfork,Innistrad,ISD,232,Near Mint,English,,,,,,,,19026,,"",$0.00,Artifact - Equipment,{2},Uncommon,$0.09,https://s.deckbox.org/system/images/mtg/cards/220642.jpg,4ce20f19-a159-40e6-bb67-6108872ac1e0
1,0,Levitation,Magic 2012,M12,61,Near Mint,English,,,,,,,,18828,,"",$0.00,Enchantment,{2}{U}{U},Uncommon,$0.27,https://s.deckbox.org/system/images/mtg/cards/233728.jpg,63e5124a-67c0-44ed-8085-28bf37816423
1,0,Cudgel Troll,Magic 2012,M12,169,Near Mint,English,,,,,,,,18801,,"",$0.00,Creature - Troll,{2}{G}{G},Uncommon,$0.02,https://s.deckbox.org/system/images/mtg/cards/221895.jpg,e156b8d8-5309-494e-9709-44f98826a69f
1,0,Crumbling Colossus,Magic 2012,M12,204,Near Mint,English,,,,,,,,18835,,"",$0.00,Artifact Creature - Golem,{5},Uncommon,$0.10,https://s.deckbox.org/system/images/mtg/cards/220113.jpg,b09afa3b-c172-4cd7-b605-bacbfbd07c24
1,0,Wurm's Tooth,Magic 2012,M12,223,Near Mint,English,,,,,,,,18864,,"",$0.00,Artifact,{2},Uncommon,$0.09,https://s.deckbox.org/system/images/mtg/cards/221524.jpg,da965767-a8b1-4725-ae20-65c18e37ad27
1,0,Chandra Nalaar,Magic 2011,M11,127,Near Mint,English,,,,,,,,17370,,"",$0.00,Legendary Planeswalker - Chandra,{3}{R}{R},MythicRare,$0.76,https://s.deckbox.org/system/images/mtg/cards/205958.jpg,ac44125d-28de-4ecf-a55b-1299daa5539e
1,0,Deathforge Shaman,Worldwake,WWK,80,Near Mint,English,,,,,,,,16631,,"",$0.00,Creature - Ogre Shaman,{4}{R},Uncommon,$0.13,https://s.deckbox.org/system/images/mtg/cards/191540.jpg,cbd079fe-83fc-4a9d-8185-dfe620b9d1e0
1,0,Hellfire Mongrel,Zendikar,ZEN,130,Near Mint,English,,,,,,,,16106,,"",$0.00,Creature - Elemental Dog,{2}{R},Uncommon,$0.06,https://s.deckbox.org/system/images/mtg/cards/192215.jpg,8f975874-24a6-4a14-bc5c-898c3d8e90e5
1,0,Fatestitcher,Shards of Alara,ALA,43,Near Mint,English,,,,,,,,5680,,"",$0.00,Creature - Zombie Wizard,{3}{U},Uncommon,$1.63,https://s.deckbox.org/system/images/mtg/cards/176456.jpg,7e4becff-8280-4e29-a370-bf82fb6734d5
1,0,Jaws of Stone,Shadowmoor,SHM,97,Near Mint,English,,,,,,,,3707,,"",$0.00,Sorcery,{5}{R},Uncommon,$0.19,https://s.deckbox.org/system/images/mtg/cards/146070.jpg,75021156-61af-4a85-8ac5-15cf18482140
1,0,Godhead of Awe,Shadowmoor,SHM,142,Near Mint,English,,,,,,,,3511,,"",$0.00,Creature - Spirit Avatar,{WU}{WU}{WU}{WU}{WU},Rare,$3.26,https://s.deckbox.org/system/images/mtg/cards/142019.jpg,7e34d294-c0ec-4e3c-a731-31b7a29c59b4
1,0,Hearthcage Giant,Lorwyn,LRW,174,Near Mint,English,,,,,,,,3391,,"",$0.00,Creature - Giant Warrior,{6}{R}{R},Uncommon,$0.16,https://s.deckbox.org/system/images/mtg/cards/139691.jpg,fb0d4d3f-d3ad-4c70-b9af-9bfcdd9efd1f
1,0,Celestial Crusader,Time Spiral,TSP,7,Near Mint,English,,,,,,,,1611,,"",$0.00,Creature - Spirit,{2}{W}{W},Uncommon,$0.25,https://s.deckbox.org/system/images/mtg/cards/126281.jpg,7f5624d6-2c27-4c7a-8001-73edb2512ffb
1,0,Revenant Patriarch,Guildpact,GPT,59,Near Mint,English,,,,,,,,15637,,"",$0.00,Creature - Spirit,{4}{B},Uncommon,$0.15,https://s.deckbox.org/system/images/mtg/cards/96972.jpg,c71b7b73-567a-4291-bf60-f17c1fe55de6
1,0,Smogsteed Rider,Guildpact,GPT,63,Near Mint,English,,,,,,,,15614,,"",$0.00,Creature - Human Wizard,{2}{B}{B},Uncommon,$0.21,https://s.deckbox.org/system/images/mtg/cards/96932.jpg,04d2b2bf-92bc-4362-b232-8a403b9a7ade
1,0,Predatory Focus,Guildpact,GPT,92,Near Mint,English,,,,,,,,15613,,"",$0.00,Sorcery,{3}{G}{G},Uncommon,$0.85,https://s.deckbox.org/system/images/mtg/cards/96931.jpg,98fc1314-4bf2-44f2-a016-58765eb04607
1,0,Mausoleum Turnkey,Ravnica: City of Guilds,RAV,94,Near Mint,English,,,,,,,,15010,,"",$0.00,Creature - Ogre Rogue,{3}{B},Uncommon,$0.07,https://s.deckbox.org/system/images/mtg/cards/83893.jpg,51b6dc7d-fc8a-4842-bf30-3dc9fec708c4
1,0,Ore Gorger,Champions of Kamigawa,CHK,182,Near Mint,English,,,,,,,,14199,,"",$0.00,Creature - Spirit,{3}{R}{R},Uncommon,$0.25,https://s.deckbox.org/system/images/mtg/cards/78984.jpg,ecc8bbb9-d6a1-474b-8f34-594b5a9d4178
1,0,Orbweaver Kumo,Champions of Kamigawa,CHK,231,Near Mint,English,,,,,,,,13043,,"",$0.00,Creature - Spirit,{4}{G}{G},Uncommon,$0.10,https://s.deckbox.org/system/images/mtg/cards/50261.jpg,3d8f0459-a839-4820-8f99-58da5851ff36
2,0,No-Dachi,Champions of Kamigawa,CHK,264,Near Mint,English,,,,,,,,14112,,"",$0.00,Artifact - Equipment,{2},Uncommon,$0.18,https://s.deckbox.org/system/images/mtg/cards/75265.jpg,6c6061a8-d27f-4258-9e95-cd12365c4248
1,0,One with Nature,Scourge,SCG,125,Near Mint,English,,,,,,,,11613,,"",$0.00,Enchantment - Aura,{G},Uncommon,$5.11,https://s.deckbox.org/system/images/mtg/cards/43543.jpg,2321b01c-7eef-48cc-a86b-4074dfa5b86b
1,0,Gustcloak Savior,Onslaught,ONS,36,Near Mint,English,,,,,,,,11103,,"",$0.00,Creature - Bird Soldier,{4}{W},Rare,$0.42,https://s.deckbox.org/system/images/mtg/cards/39602.jpg,0e9d6e81-1869-4ab7-8a4e-477d5c4aed6b
1,0,Aggravated Assault,Onslaught,ONS,185,Near Mint,English,,,,,,,,11286,,"",$0.00,Enchantment,{2}{R},Rare,$7.54,https://s.deckbox.org/system/images/mtg/cards/40195.jpg,c99c5707-d5f2-4675-bfca-e801e6b0f627
2,0,Taunting Elf,Onslaught,ONS,290,Near Mint,English,,,,,,,,11226,,"",$0.00,Creature - Elf,{G},Common,$0.22,https://s.deckbox.org/system/images/mtg/cards/39890.jpg,6b24af94-9632-47da-9bf3-e81bb743cd43
1,0,Thunderscape Battlemage,Planeshift,PS,75,Near Mint,English,,,,,,,,9192,,"",$0.00,Creature - Human Wizard,{2}{R},Uncommon,$0.24,https://s.deckbox.org/system/images/mtg/cards/25915.jpg,d707243e-7f11-44bc-b8b8-af635ab1dc87
1,0,Urborg Emissary,Invasion,IN,131,Near Mint,English,,,,,,,,8480,,"",$0.00,Creature - Human Wizard,{2}{B},Uncommon,$0.14,https://s.deckbox.org/system/images/mtg/cards/23038.jpg,e6912c71-1836-4e87-9a65-d577d903d03c
1,0,Absorb,Invasion,IN,226,Near Mint,English,,,,,,,,8589,,"",$0.00,Instant,{W}{U}{U},Rare,$4.41,https://s.deckbox.org/system/images/mtg/cards/23155.jpg,5d6a0f3e-457f-41f5-be26-5fb249874f1a
1,0,Artifact Mutation,Invasion,IN,231,Near Mint,English,,,,,,,,8628,,"",$0.00,Instant,{R}{G},Rare,$1.93,https://s.deckbox.org/system/images/mtg/cards/23195.jpg,d5eef49c-a80f-4622-ba77-999f9151c841
1,0,Harmonic Convergence,Urza's Legacy,GU,103,Near Mint,English,,,,,,,,1501,,"",$0.00,Instant,{2}{G},Uncommon,$0.22,https://s.deckbox.org/system/images/mtg/cards/12437.jpg,5aafc380-cf4d-4843-b9c3-c389d9c5e942
1,0,Plains,Ice Age,IA,343,Near Mint,English,,,,,,,,7388,,"",$0.00,Basic Land - Plains,"",BasicLand,$0.43,https://s.deckbox.org/system/images/mtg/cards/2773.jpg,27ac1fc7-0698-4a94-8353-cc4c13bd6ffa
1,0,Hunter's Insight,Commander Legends,CMR,232,Near Mint,English,,,,,,,,53910,,"",$0.00,Instant,{2}{G},Uncommon,$0.19,https://s.deckbox.org/system/images/mtg/cards/2015938.jpg,4e1448cf-3ddc-437b-a21e-4f4086492ec6
1,0,Stingerfling Spider,Commander Legends,CMR,258,Near Mint,English,,,,,,,,53936,,"",$0.00,Creature - Spider,{4}{G},Uncommon,$0.07,https://s.deckbox.org/system/images/mtg/cards/2015964.jpg,18f45424-2c26-43fa-9afe-eeb22ce772e1
1,0,Pilgrim's Eye,Commander Legends,CMR,332,Near Mint,English,,,,,,,,54010,,"",$0.00,Artifact Creature - Thopter,{3},Common,$0.02,https://s.deckbox.org/system/images/mtg/cards/2016038.jpg,45f48d5f-7e01-424d-8e86-1d4a32f0ef34
1,0,Elder Deep-Fiend,Commander Legends,CMR,368,Near Mint,English,,,,,,,,54046,,"",$0.00,Creature - Eldrazi Octopus,{8},Rare,$0.27,https://s.deckbox.org/system/images/mtg/cards/2016074.jpg,4cffed4c-4e2b-414a-9b20-90ce21b47d16
1,0,Word of Seizing,Commander Legends,CMR,420,Near Mint,English,,,,,,,,54098,,"",$0.00,Instant,{3}{R}{R},Rare,$0.16,https://s.deckbox.org/system/images/mtg/cards/2016126.jpg,4aa93215-9848-42d4-a386-6a248c2a1742
1,0,Acidic Slime,Commander Legends,CMR,421,Near Mint,English,,,,,,,,54099,,"",$0.00,Creature - Ooze,{3}{G}{G},Uncommon,$0.11,https://s.deckbox.org/system/images/mtg/cards/2016127.jpg,ea04b4f0-b8c4-43aa-8a2b-b72c22fb4517
1,0,Retreat to Kazandu,Commander Legends,CMR,435,Near Mint,English,,,,,,,,54113,,"",$0.00,Enchantment,{2}{G},Uncommon,$0.72,https://s.deckbox.org/system/images/mtg/cards/2016141.jpg,553ac818-f476-43fd-841c-c91d78c2506e
1,0,Blighted Woodland,Commander Legends,CMR,476,Near Mint,English,,,,,,,,54154,,"",$0.00,Land,"",Uncommon,$0.24,https://s.deckbox.org/system/images/mtg/cards/2016182.jpg,0a949030-a46c-4bac-bedc-c07d5c8464af
1,0,Rogue's Passage,Commander Legends,CMR,489,Near Mint,English,,,,,,,,54167,,"",$0.00,Land,,Uncommon,$0.23,https://s.deckbox.org/system/images/mtg/cards/2016195.jpg,45bbfd91-40d7-4cb4-ac82-27c50d872cf5
4,0,Banisher Priest,Commander 2020,C20,77,Near Mint,English,,,,,,,,50178,,"",$0.00,Creature - Human Cleric,{1}{W}{W},Uncommon,$0.05,https://s.deckbox.org/system/images/mtg/cards/2012074.jpg,85d2ecc7-4a49-48f1-9036-6c3f0f0296c3
2,0,Increasing Devotion,Commander 2020,C20,91,Near Mint,English,,,,,,,,50192,,"",$0.00,Sorcery,{3}{W}{W},Rare,$0.15,https://s.deckbox.org/system/images/mtg/cards/2012088.jpg,0c786c28-1085-4b3e-9164-5fa3adfa5010
1,0,Captivating Crew,Commander 2020,C20,144,Near Mint,English,,,,,,,,50245,,"",$0.00,Creature - Human Pirate,{3}{R},Rare,$0.17,https://s.deckbox.org/system/images/mtg/cards/2012141.jpg,4f0ba1fb-30b1-413e-9b7c-790055e2d911
1,0,Wilderness Reclamation,Commander 2020,C20,196,Near Mint,English,,,,,,,,50297,,"",$0.00,Enchantment,{3}{G},Uncommon,$1.01,https://s.deckbox.org/system/images/mtg/cards/2012193.jpg,94a28102-dfbe-49e9-b64f-52b552afac1b
1,0,Mystic Monastery,Commander 2020,C20,293,Near Mint,English,,,,,,,,50394,,"",$0.00,Land,"",Uncommon,$0.15,https://s.deckbox.org/system/images/mtg/cards/2012290.jpg,3242ffa7-01e8-4349-9a59-2060bc37f8fe
1,0,Nomad Outpost,Commander 2020,C20,294,Near Mint,English,,,,,,,,50395,,"",$0.00,Land,"",Uncommon,$0.36,https://s.deckbox.org/system/images/mtg/cards/2012291.jpg,f32ff85d-0a5d-4bab-adc3-27a140ebef1d
1,0,Unclaimed Territory,Commander 2020,C20,320,Near Mint,English,,,,,,,,50421,,"",$0.00,Land,,Uncommon,$0.26,https://s.deckbox.org/system/images/mtg/cards/2012317.jpg,b96a5b3a-ee54-4864-a84c-385a97b8cb7b
1,0,"Arlinn, Voice of the Pack",Secret Lair Drop Series,SLD,516,Near Mint,English,,,,,,,,49352,,"",$0.00,Legendary Planeswalker - Arlinn,{4}{G}{G},Common,$0.36,https://s.deckbox.org/system/images/mtg/cards/2011244.jpg,b792a7e8-1afd-4fe9-9a20-4131954f1983
1,0,Desolation Twin,Commander 2019,C19,60,Near Mint,English,,,,,,,,45830,,"",$0.00,Creature - Eldrazi,{10},Rare,$0.72,https://s.deckbox.org/system/images/mtg/cards/470606.jpg,ced8fc21-221d-40b6-a1e0-175f03b248db
1,0,Desperate Ravings,Commander 2019,C19,137,Near Mint,English,,,,,,,,45810,,"",$0.00,Instant,{1}{R},Uncommon,$0.03,https://s.deckbox.org/system/images/mtg/cards/470683.jpg,b2e59ba7-e4e1-4c51-a34c-17a48850a0f5
1,0,Devil's Play,Commander 2019,C19,138,Near Mint,English,,,,,,,,45722,,"",$0.00,Sorcery,{X}{R},Rare,$0.15,https://s.deckbox.org/system/images/mtg/cards/470684.jpg,d46473a7-69f5-492b-845d-c8862a1fec85
1,0,Elemental Bond,Commander 2019,C19,163,Near Mint,English,,,,,,,,45961,,"",$0.00,Enchantment,{2}{G},Uncommon,$6.00,https://s.deckbox.org/system/images/mtg/cards/470709.jpg,516ebdba-0f25-459a-a26b-f6fa928b96e6
1,0,Icefeather Aven,Commander 2019,C19,194,Near Mint,English,,,,,,,,45793,,"",$0.00,Creature - Bird Shaman,{G}{U},Uncommon,$0.05,https://s.deckbox.org/system/images/mtg/cards/470740.jpg,dc8b7dc7-b7a2-40fe-823c-642d8867973c
1,0,Hedron Archive,Commander 2019,C19,214,Near Mint,English,,,,,,,,45763,,"",$0.00,Artifact,{4},Uncommon,$0.11,https://s.deckbox.org/system/images/mtg/cards/470760.jpg,8c7d1fa1-e393-4eae-8c8e-449d5d253bbc
1,0,Rakdos Locket,Commander 2019,C19,220,Near Mint,English,,,,,,,,45949,,"",$0.00,Artifact,{3},Common,$0.14,https://s.deckbox.org/system/images/mtg/cards/470766.jpg,ae74a4a0-b95b-4ddd-80df-cbec1c469025
1,0,Geier Reach Sanitarium,Commander 2019,C19,246,Near Mint,English,,,,,,,,45935,,"",$0.00,Legendary Land,,Rare,$1.38,https://s.deckbox.org/system/images/mtg/cards/470792.jpg,d922754a-37d0-42ec-9f55-134cf4f3bd1d
1,0,Archon of the Triumvirate,Ravnica Allegiance Guild Kit,GK2,7,Near Mint,English,,,,,,,,43898,,"",$0.00,Creature - Archon,{5}{W}{U},Rare,$0.11,https://s.deckbox.org/system/images/mtg/cards/2004146.jpg,2e56c62d-34b4-4394-81bc-e86fe76f9c73
1,0,Ghor-Clan Rampager,Ravnica Allegiance Guild Kit,GK2,90,Near Mint,English,,,,,,,,43972,,"",$0.00,Creature - Beast,{2}{R}{G},Uncommon,$0.19,https://s.deckbox.org/system/images/mtg/cards/2004220.jpg,8563d9f3-bf5c-4aed-a6f7-618fb331334f
2,0,Rubblebelt Raiders,Ravnica Allegiance Guild Kit,GK2,94,Near Mint,English,,,,,,,,43976,,"",$0.00,Creature - Human Warrior,{1}{RG}{RG}{RG},Rare,$0.17,https://s.deckbox.org/system/images/mtg/cards/2004224.jpg,a461fa72-a8a6-4b40-a6dd-1369845104fa
2,0,Fiend Hunter,Ultimate Masters,UMA,17,Near Mint,English,,,,,,,,42815,,"",$0.00,Creature - Human Cleric,{1}{W}{W},Uncommon,$0.14,https://s.deckbox.org/system/images/mtg/cards/2003417.jpg,f02e3c30-e540-4d7b-a17b-3eece63743cb
1,0,Moan of the Unhallowed,Ultimate Masters,UMA,107,Near Mint,English,,,,,,,,42905,,"",$0.00,Sorcery,{2}{B}{B},Common,$0.07,https://s.deckbox.org/system/images/mtg/cards/2003507.jpg,2a1f42ee-7f4e-4b2a-b60b-750662878a5c
1,0,Slum Reaper,Ultimate Masters,UMA,114,Near Mint,English,,,,,,,,42912,,"",$0.00,Creature - Horror,{3}{B},Common,$0.05,https://s.deckbox.org/system/images/mtg/cards/2003514.jpg,475690db-4934-4c2e-b869-a6499d86a9c5
4,0,Boros Elite,Guilds of Ravnica Guild Kit,GK1,78,Near Mint,English,,,,,,,,42742,,"",$0.00,Creature - Human Soldier,{W},Uncommon,$0.26,https://s.deckbox.org/system/images/mtg/cards/2003334.jpg,62774447-d586-44b3-8f4b-0d8094dfbb85
1,0,Silent Sentinel,Commander 2018,C18,75,Near Mint,English,,,,,,,,40217,,"",$0.00,Creature - Archon,{5}{W}{W},Rare,$0.12,https://s.deckbox.org/system/images/mtg/cards/451030.jpg,73798b01-fcbc-4dc0-9fde-6a618da185f2
1,0,Baloth Woodcrasher,Commander 2018,C18,130,Near Mint,English,,,,,,,,39982,,"",$0.00,Creature - Beast,{4}{G}{G},Uncommon,$0.16,https://s.deckbox.org/system/images/mtg/cards/451085.jpg,5c15f211-2c59-4b02-ac91-955f695816ec
1,0,"Daretti, Scrap Savant",Commander Anthology Volume II,CM2,4,Near Mint,English,,,,,,,,39149,,"",$0.00,Legendary Planeswalker - Daretti,{3}{R},MythicRare,$2.69,https://s.deckbox.org/system/images/mtg/cards/446740.jpg,3f4e6adf-d52f-4087-a919-789a543a9a3e
1,0,Meteor Blast,Commander Anthology Volume II,CM2,114,Near Mint,English,,,,,,,,39114,,"",$0.00,Sorcery,{X}{R}{R}{R},Uncommon,$0.44,https://s.deckbox.org/system/images/mtg/cards/446850.jpg,de18b9ff-9847-4347-a02f-391470332f6e
1,0,Warchief Giant,Commander Anthology Volume II,CM2,127,Near Mint,English,,,,,,,,39115,,"",$0.00,Creature - Giant Warrior,{3}{R}{R},Uncommon,$0.67,https://s.deckbox.org/system/images/mtg/cards/446863.jpg,49b311c5-90f5-4d26-86ce-b9f645c137e4
1,0,Relic Crush,Commander Anthology Volume II,CM2,142,Near Mint,English,,,,,,,,39246,,"",$0.00,Instant,{4}{G},Common,$0.10,https://s.deckbox.org/system/images/mtg/cards/446878.jpg,9ba2533c-3e1a-48e0-8dc4-0c915f853c52
1,0,Champion of Arashin,Battlebond,BBD,90,Near Mint,English,,,,,,,,38857,,"",$0.00,Creature - Dog Warrior,{3}{W},Common,$0.04,https://s.deckbox.org/system/images/mtg/cards/446058.jpg,2f7e5122-89ff-4a25-96a5-fee5f96da7f2
1,0,Rebuke,Battlebond,BBD,103,Near Mint,English,,,,,,,,38863,,"",$0.00,Instant,{2}{W},Common,$0.04,https://s.deckbox.org/system/images/mtg/cards/446071.jpg,9671c116-98cb-43b4-ace2-1e4f51a4a4c6
1,0,Hand of Silumgar,Battlebond,BBD,146,Near Mint,English,,,,,,,,38933,,"",$0.00,Creature - Human Warrior,{1}{B},Common,$0.03,https://s.deckbox.org/system/images/mtg/cards/446114.jpg,d3cbb127-6149-4d0b-ad98-1968f2ebe8e4
1,0,Blood Feud,Battlebond,BBD,168,Near Mint,English,,,,,,,,39003,,"",$0.00,Sorcery,{4}{R}{R},Uncommon,$0.03,https://s.deckbox.org/system/images/mtg/cards/446136.jpg,9f0ec743-46ac-4ace-9c48-8573c3b7a0fe
1,0,Chain Lightning,Battlebond,BBD,171,Near Mint,English,,,,,,,,38867,,"",$0.00,Sorcery,{R},Uncommon,$0.26,https://s.deckbox.org/system/images/mtg/cards/446139.jpg,c9c607d3-a8bf-4ba3-9c10-7509f195b41f
1,0,Plated Crusher,Battlebond,BBD,207,Near Mint,English,,,,,,,,38793,,"",$0.00,Creature - Beast,{4}{G}{G}{G},Uncommon,$0.07,https://s.deckbox.org/system/images/mtg/cards/446175.jpg,a5f38436-9edf-42a1-83ba-0f5210b2cb86
4,0,Elvish Mystic,Duel Decks: Elves vs. Inventors,DDU,7,Near Mint,English,,,,,,,,38321,,"",$0.00,Creature - Elf Druid,{G},Common,$0.41,https://s.deckbox.org/system/images/mtg/cards/442743.jpg,d618c3ea-f823-4fe0-8e11-65d5965528d3
1,0,Gladehart Cavalry,Duel Decks: Elves vs. Inventors,DDU,11,Near Mint,English,,,,,,,,38354,,"",$0.00,Creature - Elf Knight,{5}{G}{G},Rare,$0.22,https://s.deckbox.org/system/images/mtg/cards/442747.jpg,50558302-eea7-4d60-a65b-50386e73fccd
1,0,Riddlesmith,Duel Decks: Elves vs. Inventors,DDU,39,Near Mint,English,,,,,,,,38331,,"",$0.00,Creature - Human Artificer,{1}{U},Uncommon,$0.16,https://s.deckbox.org/system/images/mtg/cards/442775.jpg,29638358-d0fa-4cd5-9d42-66cee8e8ccc6
1,0,Ordeal of Heliod,Masters 25,A25,27,Near Mint,English,,,,,,,,38195,,"",$0.00,Enchantment - Aura,{1}{W},Uncommon,$0.10,https://s.deckbox.org/system/images/mtg/cards/442016.jpg,dd652c85-f8ca-4e38-a21b-f21b729bcf92
1,0,Retraction Helix,Masters 25,A25,71,Near Mint,English,,,,,,,,38162,,"",$0.00,Instant,{U},Common,$0.11,https://s.deckbox.org/system/images/mtg/cards/442060.jpg,7aa3fdd0-34d8-47b3-9753-d2929838732e
1,0,Ire Shaman,Masters 25,A25,137,Near Mint,English,,,,,,,,38117,,"",$0.00,Creature - Orc Shaman,{1}{R},Uncommon,$0.14,https://s.deckbox.org/system/images/mtg/cards/442126.jpg,ea54760c-2cd3-43eb-bc45-adc0997b34b0
1,0,Topan Freeblade,Iconic Masters,IMA,37,Near Mint,English,,,,,,,,37141,,"",$0.00,Creature - Human Soldier,{1}{W},Uncommon,$0.04,https://s.deckbox.org/system/images/mtg/cards/2000424.jpg,3e953224-6ea0-4580-b2a2-c1ff133fb991
1,0,Draconic Roar,Iconic Masters,IMA,123,Near Mint,English,,,,,,,,37227,,"",$0.00,Instant,{1}{R},Common,$0.08,https://s.deckbox.org/system/images/mtg/cards/2000510.jpg,11c57c26-500b-4ca2-9c47-f2a0e31975b3
1,0,Monastery Swiftspear,Iconic Masters,IMA,140,Near Mint,English,,,,,,,,37244,,"",$0.00,Creature - Human Monk,{R},Uncommon,$0.43,https://s.deckbox.org/system/images/mtg/cards/2000527.jpg,58db2f81-6ff5-402c-8aef-0b667e82cdc4
1,0,Assault Formation,Iconic Masters,IMA,155,Near Mint,English,,,,,,,,37259,,"",$0.00,Enchantment,{1}{G},Uncommon,$0.81,https://s.deckbox.org/system/images/mtg/cards/2000542.jpg,cb72a45f-16e9-4040-acf1-927133ba198e
2,0,Lure,Iconic Masters,IMA,175,Near Mint,English,,,,,,,,37279,,"",$0.00,Enchantment - Aura,{1}{G}{G},Uncommon,$0.20,https://s.deckbox.org/system/images/mtg/cards/2000562.jpg,72c8336d-54cf-45af-a9ef-a1428facf91b
1,0,Undercity Troll,Iconic Masters,IMA,188,Near Mint,English,,,,,,,,37292,,"",$0.00,Creature - Troll,{1}{G},Uncommon,$0.05,https://s.deckbox.org/system/images/mtg/cards/2000575.jpg,2fe1ebf9-8378-444b-870a-5be12aa1f5fa
1,0,Runed Servitor,Iconic Masters,IMA,226,Near Mint,English,,,,,,,,37330,,"",$0.00,Artifact Creature - Construct,{2},Common,$0.04,https://s.deckbox.org/system/images/mtg/cards/2000613.jpg,876340a5-2dbd-44e2-bfd6-720f53b7115d
1,0,Wall of Frost,Modern Masters 2017 Edition,MM3,56,Near Mint,English,,,,,,,,34987,,"",$0.00,Creature - Wall,{1}{U}{U},Uncommon,$0.23,https://s.deckbox.org/system/images/mtg/cards/425881.jpg,b5ab28ee-f70d-441b-bb4e-8e781f26e2bc
1,0,Gnawing Zombie,Modern Masters 2017 Edition,MM3,71,Near Mint,English,,,,,,,,34778,,"",$0.00,Creature - Zombie,{1}{B},Common,$0.07,https://s.deckbox.org/system/images/mtg/cards/425896.jpg,f4bdd28d-7467-494b-a52f-a84932da25f3
1,0,Scorched Rusalka,Modern Masters 2017 Edition,MM3,110,Near Mint,English,,,,,,,,34982,,"",$0.00,Creature - Spirit,{R},Common,$0.05,https://s.deckbox.org/system/images/mtg/cards/425935.jpg,c6b9dd6d-e286-41e8-bd9d-0b42daa5c062
1,0,Domri Rade,Modern Masters 2017 Edition,MM3,161,Near Mint,English,,,,,,,,34925,,"",$0.00,Legendary Planeswalker - Domri,{1}{R}{G},MythicRare,$0.85,https://s.deckbox.org/system/images/mtg/cards/425986.jpg,9d57a9dc-424e-4088-9df8-c9b9c8c688a3
1,0,Wild Beastmaster,Commander 2016,C16,176,Near Mint,English,,,,,,,,34088,,"",$0.00,Creature - Human Shaman,{2}{G},Rare,$0.15,https://s.deckbox.org/system/images/mtg/cards/420793.jpg,393b1f83-8d3a-4e94-a970-fe487e4ac33c
2,0,Clan Defiance,Commander 2016,C16,187,Near Mint,English,,,,,,,,34048,,"",$0.00,Sorcery,{X}{R}{G},Rare,$0.32,https://s.deckbox.org/system/images/mtg/cards/420804.jpg,5c38fa58-d2b7-4745-80e2-8be504378f8c
1,0,Mother of Runes,Eternal Masters,EMA,22,Near Mint,English,,,,,,,,31382,,"",$0.00,Creature - Human Cleric,{W},Rare,$5.93,https://s.deckbox.org/system/images/mtg/cards/413564.jpg,fdf2354e-1232-452e-b89b-78ac8be206f7
1,0,Nekrataal,Eternal Masters,EMA,99,Near Mint,English,,,,,,,,31515,,"",$0.00,Creature - Human Assassin,{2}{B}{B},Uncommon,$0.17,https://s.deckbox.org/system/images/mtg/cards/413641.jpg,5b3a4f2a-57ea-4fa0-a76f-3e215a36d1f4
1,0,Awaken the Sky Tyrant,Commander 2015,C15,24,Near Mint,English,,,,,,,,30296,,"",$0.00,Enchantment,{3}{R},Rare,$0.25,https://s.deckbox.org/system/images/mtg/cards/405133.jpg,5c3d57d1-1031-45e0-97d1-8e8e3e6ab516
1,0,Dictate of Heliod,Commander 2015,C15,68,Near Mint,English,,,,,,,,30479,,"",$0.00,Enchantment,{3}{W}{W},Rare,$0.48,https://s.deckbox.org/system/images/mtg/cards/405200.jpg,f964c561-96ac-4558-b46e-ba2c472d5807
2,0,Ghostblade Eidolon,Commander 2015,C15,70,Near Mint,English,,,,,,,,30466,,"",$0.00,Enchantment Creature - Spirit,{2}{W},Uncommon,$0.17,https://s.deckbox.org/system/images/mtg/cards/405240.jpg,0795101e-07d9-419a-adca-3eb57536fd5f
1,0,Selvala's Charge,Conspiracy,CNS,39,Near Mint,English,,,,,,,,24736,,"",$0.00,Sorcery,{4}{G},Uncommon,$0.17,https://s.deckbox.org/system/images/mtg/cards/382358.jpg,426b63f9-5788-45d2-b934-1579320bc775
1,0,"Paliano, the High City",Conspiracy,CNS,65,Near Mint,English,,,,,,,,24662,,"",$0.00,Legendary Land,,Rare,$0.33,https://s.deckbox.org/system/images/mtg/cards/382320.jpg,eac8649b-b892-4854-8422-fd117ccac39a
1,0,Blighted Cataract,Duel Decks: Merfolk vs. Goblins,DDT,26,Near Mint,English,,,,,,,,37381,,"",$0.00,Land,"",Uncommon,$0.08,https://s.deckbox.org/system/images/mtg/cards/438466.jpg,433cfdee-7e3c-4349-aa89-7e57723d2bf8
1,0,Hellion Eruption,Duel Decks: Zendikar vs. Eldrazi,DDP,61,Near Mint,English,,,,,,,,28609,,"",$0.00,Sorcery,{5}{R},Rare,$0.16,https://s.deckbox.org/system/images/mtg/cards/401703.jpg,31770e58-51f2-4942-b86c-cb1f089ad74e
1,0,Puppet Strings,Duel Decks: Phyrexia vs. the Coalition,DDE,22,Near Mint,English,,,,,,,,16817,,"",$0.00,Artifact,{3},Uncommon,$1.26,https://s.deckbox.org/system/images/mtg/cards/209139.jpg,53e0bb82-c64a-4ae6-962a-7a0c45329159
1,0,City of Brass,Chronicles,CH,92,Near Mint,English,,,,,,,,12300,,"",$0.00,Land,,Rare,$17.70,https://s.deckbox.org/system/images/mtg/cards/2886.jpg,61e9c770-f05b-40df-a01f-82b734db1733
1,0,"Emblem: Kiora, the Crashing Wave",Extras: Born of the Gods,EX_46,11,Near Mint,English,,,,,,,,25958,,"",$0.00,Emblem - Kiora,,Common,$4.03,https://s.deckbox.org/system/images/mtg/cards/1002095.jpg,e45f7850-2ebb-4530-9859-f87b4e0e27be

